Entry,Entry name,Status,Protein names,Gene names,Organism,Protein families,Date of creation,Taxonomic lineage (GENUS),Taxonomic lineage (SPECIES GROUP),Taxonomic lineage (FAMILY),Cross-reference (Pfam),Cross-reference (Allergome),Allergenic properties
P38948,MPAG1_ALNGL,reviewed,Major pollen allergen Aln g 1 (Allergen Aln g I) (allergen Aln g 1),,Alnus glutinosa (European alder) (Betula alnus var. glutinosa),BetVI family,1995-02-01,Alnus,,Betulaceae,PF00407;,3055;7;,ALLERGEN: Causes an allergic reaction in human.
O81701,POLC4_ALNGL,reviewed,Polcalcin Aln g 4 (Calcium-binding pollen allergen Aln g 4) (allergen Aln g 4),,Alnus glutinosa (European alder) (Betula alnus var. glutinosa),,2001-06-20,Alnus,,Betulaceae,PF13499;,3056;9;,ALLERGEN: Causes an allergic reaction in human.
V5LU01,CEP01_AMBAR,reviewed,Cysteine protease Amb a 11.0101 (EC 3.4.22.-) (Amino acid thiol protease) (Pollen allergen Amb a 11) (allergen Amb a 11.0101),,Ambrosia artemisiifolia (Short ragweed),Peptidase C1 family,2019-07-31,Ambrosia,,Asteraceae,PF08246;PF00112;,11405;11406;,"ALLERGEN: Causes an allergic reaction in human. Binds to IgE in 54% of the 92 patients, including both Europeans and Americans, tested allergic to ragweed pollen. Purified native protein under non-denaturing conditions binds to IgE in 66% of the same 92 patients tested (PubMed:25865353). Binds to IgE of mice. In mice, the allergicity especially to the proteolytically active form of this protein leads to airway hyperresponsiveness, lung inflammation characterized by eosinophil and type 2 innate lymphoid cell (ILC2) infiltrates in bronchoalveolar lavages (BALs), and responses of the T-helper 2 (Th2) cells (PubMed:27129273). Causes activation of human basophils (PubMed:25865353). {ECO:0000269|PubMed:25865353, ECO:0000269|PubMed:27129273}."
P27762,PLY4_AMBAR,reviewed,Pectate lyase 4 (EC 4.2.2.2) (Antigen Amb a II) (Antigen K) (AgK) (Pollen allergen Amb a 2) (allergen Amb a 2),,Ambrosia artemisiifolia (Short ragweed),"Polysaccharide lyase 1 family, Amb a subfamily",1992-08-01,Ambrosia,,Asteraceae,PF00544;,26;,ALLERGEN: Causes an allergic reaction in human. This is one of the major allergens of the ragweed pollen. {ECO:0000269|PubMed:1717566}.
P27760,PLY1_AMBAR,reviewed,Pectate lyase 1 (EC 4.2.2.2) (Antigen Amb a I) (Antigen E) (AgE) (Pollen allergen Amb a 1.2) (Protein AaBA) (allergen Amb a 1.2),,Ambrosia artemisiifolia (Short ragweed),"Polysaccharide lyase 1 family, Amb a subfamily",1992-08-01,Ambrosia,,Asteraceae,PF00544;,24;788;,ALLERGEN: Causes an allergic reaction in human. This is one of the major allergens of the ragweed pollen. {ECO:0000269|PubMed:1702434}.
P27761,PLY2_AMBAR,reviewed,Pectate lyase 2 (EC 4.2.2.2) (Antigen Amb a I) (Antigen E) (AgE) (Pollen allergen Amb a 1.3) (allergen Amb a 1.3),,Ambrosia artemisiifolia (Short ragweed),"Polysaccharide lyase 1 family, Amb a subfamily",1992-08-01,Ambrosia,,Asteraceae,PF00544;,24;789;,ALLERGEN: Causes an allergic reaction in human. This is one of the major allergens of the ragweed pollen. {ECO:0000269|PubMed:1702434}.
P27759,PLY5_AMBAR,reviewed,Pectate lyase 5 (EC 4.2.2.2) (Antigen Amb a I) (Antigen E) (AgE) (Pollen allergen Amb a 1.1) (allergen Amb a 1.1),,Ambrosia artemisiifolia (Short ragweed),"Polysaccharide lyase 1 family, Amb a subfamily",1992-08-01,Ambrosia,,Asteraceae,PF00544;,24;787;,"ALLERGEN: Causes an allergic reaction in human. This is one of the major allergens of the ragweed pollen. {ECO:0000269|PubMed:1702434, ECO:0000269|PubMed:2456454}."
P28744,PLY3_AMBAR,reviewed,Pectate lyase 3 (EC 4.2.2.2) (Antigen Amb a I) (Antigen E) (AgE) (Pollen allergen Amb a 1.4) (allergen Amb a 1.4),,Ambrosia artemisiifolia (Short ragweed),"Polysaccharide lyase 1 family, Amb a subfamily",1992-12-01,Ambrosia,,Asteraceae,PF00544;,24;790;,ALLERGEN: Causes an allergic reaction in human. This is one of the major allergens of the ragweed pollen.
O04004,NLTP6_AMBAR,reviewed,Non-specific lipid-transfer protein (LTP) (Allergen Amb a VI) (Allergen Ra6) (Pollen allergen Amb a 6) (allergen Amb a 6),,Ambrosia artemisiifolia (Short ragweed),Plant LTP family,2001-06-01,Ambrosia,,Asteraceae,PF00234;,29;3070;,ALLERGEN: Causes an allergic reaction in human. Binds to IgE.
Q64LH0,PROF3_AMBAR,reviewed,Profilin-3 (Pollen allergen D03) (allergen Amb a 8),D03,Ambrosia artemisiifolia (Short ragweed),Profilin family,2005-01-04,Ambrosia,,Asteraceae,PF00235;,751;,ALLERGEN: Causes an allergic reaction in human.
Q64LH1,PROF1_AMBAR,reviewed,Profilin-1 (Pollen allergen Amb a 8) (allergen Amb a 8),D106,Ambrosia artemisiifolia (Short ragweed),Profilin family,2005-01-04,Ambrosia,,Asteraceae,PF00235;,751;,ALLERGEN: Causes an allergic reaction in human.
Q64LH2,PROF2_AMBAR,reviewed,Profilin-2 (Pollen allergen A0418) (allergen Amb a 8),A0418,Ambrosia artemisiifolia (Short ragweed),Profilin family,2005-01-04,Ambrosia,,Asteraceae,PF00235;,751;,ALLERGEN: Causes an allergic reaction in human.
P00304,MPAA3_AMBEL,reviewed,Pollen allergen Amb a 3 (Allergen Amb a III) (Allergen Ra3) (allergen Amb a 3),,Ambrosia artemisiifolia var. elatior (Short ragweed) (Ambrosia elatior),,1986-07-21,Ambrosia,,Asteraceae,PF02298;,27;3068;,ALLERGEN: Causes an allergic reaction in human.
P02878,MPAA5_AMBEL,reviewed,Pollen allergen Amb a 5 (Allergen Amb a V) (Allergen Ra5) (allergen Amb a 5),,Ambrosia artemisiifolia var. elatior (Short ragweed) (Ambrosia elatior),,1986-07-21,Ambrosia,,Asteraceae,PF03913;,28;3069;,ALLERGEN: Causes an allergic reaction in human.
P43174,MPA5A_AMBPS,reviewed,Pollen allergen Amb p 5a (Allergen Amb p Va) (allergen Amb p 5a),,Ambrosia psilostachya (Western ragweed) (Ambrosia coronopifolia),,1995-11-01,Ambrosia,,Asteraceae,PF03913;,3072;31;,ALLERGEN: Causes an allergic reaction in human.
P43175,MPA5B_AMBPS,reviewed,Pollen allergen Amb p 5b (Allergen Amb p Vb) (allergen Amb p 5b),,Ambrosia psilostachya (Western ragweed) (Ambrosia coronopifolia),,1995-11-01,Ambrosia,,Asteraceae,PF03913;,3073;31;,ALLERGEN: Causes an allergic reaction in human.
P10414,MPAT5_AMBTR,reviewed,Pollen allergen Amb t 5 (Allergen Amb t V) (Allergen Ra5G) (allergen Amb t 5),,Ambrosia trifida (Giant ragweed),,1989-07-01,Ambrosia,,Asteraceae,PF03913;,3074;32;,ALLERGEN: Causes an allergic reaction in human.
Q94JN2,PROF_ANACO,reviewed,Profilin (Minor food allergen Ana c 1) (allergen Ana c 1),,Ananas comosus (Pineapple) (Ananas ananas),Profilin family,2006-01-24,Ananas,,Bromeliaceae,PF00235;,3075;33;,ALLERGEN: Causes an allergic reaction in human. Binds to IgE. This is a food allergen. {ECO:0000269|PubMed:12065910}.
Q08169,HUGA_APIME,reviewed,Hyaluronidase (Hya) (EC 3.2.1.35) (Allergen Api m II) (Hyaluronoglucosaminidase) (allergen Api m 2),,Apis mellifera (Honeybee),Glycosyl hydrolase 56 family,1994-10-01,Apis,,Apidae (bumble bees and honey bees),PF01630;,2493;2778;3089;46;,ALLERGEN: Causes an allergic reaction in human.
P49372,ALL1_APIGR,reviewed,"Major allergen Api g 1, isoallergen 1 (Allergen Api g 1.0101) (Allergen Api g I) (allergen Api g 1)",,Apium graveolens (Celery),BetVI family,1996-02-01,Apium,,Apiaceae,PF00407;,40;41;,ALLERGEN: Causes an allergic reaction in human.
Q9XF37,PROF_APIGR,reviewed,Profilin (Minor pollen allergen Api g 4) (allergen Api g 4),,Apium graveolens (Celery),Profilin family,2001-06-20,Apium,,Apiaceae,PF00235;,43;5996;,ALLERGEN: Causes an allergic reaction in human. {ECO:0000269|PubMed:10848918}.
Q42449,PRF1_ARATH,reviewed,Profilin-1 (AtPROF1) (AthPRF1) (allergen Ara t 8),PRF1 PFN1 PRO1 At2g19760 F6F22.21,Arabidopsis thaliana (Mouse-ear cress),Profilin family,1997-11-01,Arabidopsis,,Brassicaceae,PF00235;,,ALLERGEN: Causes an allergic reaction in human. {ECO:0000305}.
P43237,ALL11_ARAHY,reviewed,"Allergen Ara h 1, clone P17 (Allergen Ara h I) (allergen Ara h 1)",,Arachis hypogaea (Peanut),7S seed storage protein family,1995-11-01,Arachis,,Fabaceae,PF00190;,50;,ALLERGEN: Causes an allergic reaction in human.
P43238,ALL12_ARAHY,reviewed,"Allergen Ara h 1, clone P41B (Allergen Ara h I) (allergen Ara h 1)",,Arachis hypogaea (Peanut),7S seed storage protein family,1995-11-01,Arachis,,Fabaceae,PF00190;,3094;50;,ALLERGEN: Causes an allergic reaction in human. {ECO:0000269|PubMed:7560062}.
A0A2H4HHY6,GLOX_ARTAN,reviewed,Putative aldehyde oxidase Art an 7 (EC 1.2.3.1) (Allergen Art an 7) (AN70) (allergen Art an 7.0101),,Artemisia annua (Sweet wormwood),,2019-10-16,Artemisia,,Asteraceae,PF09118;PF07250;,12010;12011;,"ALLERGEN: Causes an allergic reaction in human. Binds to IgE of patients allergic to mugwort pollen (PubMed:29220102, PubMed:30155917). The natural protein binds to IgE in 94% and 95% of the 113 Chinese and 20 Dutch patients tested, respectively. The natural protein gives a positive reaction in 50% of the 14 Chinese patients tested by intradermal skin testing. All except one of these positives are also positive by ImmunoCAP test. The recombinant protein binds to IgE in 4% and 50% of the 54 Chinese and 20 Dutch patients tested, respectively. The lack of IgE-binding to the recombinant protein is not due to the absence of cross-reactive carbohydrate determinants (CCD), although in a subset of (Dutch) sera CCD does seem to play a role in the IgE recognition (PubMed:29220102). Binds to IgE in 80% of the 240 Chinese patients tested. Adult group has a significantly lower IgE level than the child and teenager group. The patients from Southwestern China have significantly lower frequency of sensitization and lower IgE levels against this protein than the patients from Northern China. Patients allergic to multiple Artemisia allergens, including Art an 7, Art v 1 and Art v 3, have a higher risk of developing allergic asthma (PubMed:30155917). {ECO:0000269|PubMed:29220102, ECO:0000269|PubMed:30155917}."
Q84ZX5,ALL1_ARTVU,reviewed,Major pollen allergen Art v 1 (Defensin-like protein 1) (allergen Art v 1),,Artemisia vulgaris (Mugwort),DEFL family,2005-08-16,Artemisia,,Asteraceae,,3102;753;,"ALLERGEN: Causes an allergic reaction in human. Binds to IgE of mugwort pollen-sensitized patients (PubMed:12475905, PubMed:14510717, PubMed:20696401, PubMed:29220102, PubMed:30155917). Binds to IgE in 78% of the 113 Chinese patients tested (PubMed:29220102). Binds to IgE in 81% of the 240 Chinese patients tested. The patients from Southwestern China have significantly lower frequency of sensitization and lower IgE levels against this protein than the patients from Northern China. Patients allergic to multiple Artemisia allergens, including Art v 1, Art v 3 and Art an 7, have a higher risk of developing allergic asthma (PubMed:30155917). Post-translational modifications might be important in the formation of epitopes recognized by IgE antibodies from allergic patients (PubMed:12475905). {ECO:0000269|PubMed:12475905, ECO:0000269|PubMed:14510717, ECO:0000269|PubMed:20696401, ECO:0000269|PubMed:29220102, ECO:0000269|PubMed:30155917}."
Q8H2C9,PROF1_ARTVU,reviewed,Profilin-1 (Pollen allergen Art v 4.01) (allergen Art v 4.01),,Artemisia vulgaris (Mugwort),Profilin family,2005-08-16,Artemisia,,Asteraceae,PF00235;,1652;60;,ALLERGEN: Causes an allergic reaction in human (PubMed:12530543). Binds to IgE of mugwort pollen-sensitized patients (PubMed:12530543). {ECO:0000269|PubMed:12530543}.
Q7M1G9,ALL2_ARTVU,reviewed,Allergen Art v 2 (Allergen Ag7) (Allergen Art v II) (allergen Art v 2) (Fragments),,Artemisia vulgaris (Mugwort),,2005-08-16,Artemisia,,Asteraceae,,3103;58;,ALLERGEN: Causes an allergic reaction in human.
Q8H2C8,PROF2_ARTVU,reviewed,Profilin-2 (Pollen allergen Art v 4.02) (allergen Art v 4.02),,Artemisia vulgaris (Mugwort),Profilin family,2005-08-16,Artemisia,,Asteraceae,PF00235;,1653;60;,ALLERGEN: Causes an allergic reaction in human.
P0C088,NLTP_ARTVU,reviewed,Non-specific lipid-transfer protein (LTP) (Pollen allergen Art v 3) (allergen Art v 3) (Fragment),,Artemisia vulgaris (Mugwort),Plant LTP family,2005-08-16,Artemisia,,Asteraceae,,3104;59;,ALLERGEN: Causes an allergic reaction in human.
P85983,BETA1_BETVU,reviewed,Pollen allergen Beta v 1 (allergen Beta v 1) (Fragments),,Beta vulgaris (Sugar beet),Ole e I family,2008-09-02,Beta,,Chenopodiaceae,,5798;5814;,ALLERGEN: Causes an allergic reaction in human. Binds to IgE. {ECO:0000269|PubMed:18694503}.
P85984,PROF_BETVU,reviewed,Profilin (Pollen allergen Beta v 2) (allergen Beta v 2) (Fragments),,Beta vulgaris (Sugar beet),Profilin family,2008-09-02,Beta,,Chenopodiaceae,,5799;5815;,ALLERGEN: Causes an allergic reaction in human. Binds to IgE. {ECO:0000269|PubMed:18694503}.
P15494,BEV1A_BETPN,reviewed,Major pollen allergen Bet v 1-A (Allergen Bet v I-A) (allergen Bet v 1-A),BETVIA BETVI,Betula pendula (European white birch) (Betula verrucosa),BetVI family,1990-04-01,Betula,,Betulaceae,PF00407;,123;89;90;,"ALLERGEN: Causes an allergic reaction in human. Is a cause of type I allergic reactions in Europe, North America and USSR."
P25816,PROF1_BETPN,reviewed,Profilin-1 (Allergen Bet v II) (Pollen allergen Bet v 2) (allergen Bet v 2),BETVII,Betula pendula (European white birch) (Betula verrucosa),Profilin family,1992-05-01,Betula,,Betulaceae,PF00235;,127;3136;,ALLERGEN: Causes an allergic reaction in human.
P43185,BEV1L_BETPN,reviewed,Major pollen allergen Bet v 1-L (Allergen Bet v I-L) (allergen Bet v 1-L),BETV1L,Betula pendula (European white birch) (Betula verrucosa),BetVI family,1995-11-01,Betula,,Betulaceae,PF00407;,103;89;,"ALLERGEN: Causes an allergic reaction in human. Is a cause of type I allergic reactions in Europe, North America and USSR."
A4K9Z8,PROF2_BETPN,reviewed,Profilin-2 (Allergen Bet v II) (Pollen allergen Bet v 2) (allergen Bet v 2),,Betula pendula (European white birch) (Betula verrucosa),Profilin family,2014-01-22,Betula,,Betulaceae,PF00235;,127;,ALLERGEN: Causes an allergic reaction in human.
P45431,BEV1B_BETPN,reviewed,Major pollen allergen Bet v 1-B (Allergen Bet v I-B) (allergen Bet v 1-B),BETV1B,Betula pendula (European white birch) (Betula verrucosa),BetVI family,1995-11-01,Betula,,Betulaceae,PF00407;,89;93;,"ALLERGEN: Causes an allergic reaction in human. Is a cause of type I allergic reactions in Europe, North America and USSR."
P81531,CYPH_BETPN,reviewed,Peptidyl-prolyl cis-trans isomerase (PPIase) (EC 5.2.1.8) (Cyclophilin) (Cyclosporin A-binding protein) (Pollen allergen Bet v 7) (Rotamase) (allergen Bet v 7) (Fragments),,Betula pendula (European white birch) (Betula verrucosa),Cyclophilin-type PPIase family,2001-06-20,Betula,,Betulaceae,,134;3139;,ALLERGEN: Causes an allergic reaction in human.
P43177,BEV1D_BETPN,reviewed,Major pollen allergen Bet v 1-D/H (Allergen Bet v I-D/H) (allergen Bet v 1-D/H),BETV1D; BETV1H,Betula pendula (European white birch) (Betula verrucosa),BetVI family,1995-11-01,Betula,,Betulaceae,PF00407;,89;95;,"ALLERGEN: Causes an allergic reaction in human. Is a cause of type I allergic reactions in Europe, North America and USSR."
P43179,BEV1F_BETPN,reviewed,Major pollen allergen Bet v 1-F/I (Allergen Bet v I-F/I) (allergen Bet v 1-F/I),BETV1F; BETV1I,Betula pendula (European white birch) (Betula verrucosa),BetVI family,1995-11-01,Betula,,Betulaceae,PF00407;,89;98;,"ALLERGEN: Causes an allergic reaction in human. Is a cause of type I allergic reactions in Europe, North America and USSR."
P43186,BEV1M_BETPN,reviewed,Major pollen allergen Bet v 1-M/N (Allergen Bet v I-M/N) (allergen Bet v 1-M/N),BETV1M; BETV1N,Betula pendula (European white birch) (Betula verrucosa),BetVI family,1995-11-01,Betula,,Betulaceae,PF00407;,107;89;,"ALLERGEN: Causes an allergic reaction in human. Is a cause of type I allergic reactions in Europe, North America and USSR."
P43187,ALLB3_BETPN,reviewed,Calcium-binding allergen Bet v 3 (Allergen Bet v III) (allergen Bet v 3),BETVIII,Betula pendula (European white birch) (Betula verrucosa),,1995-11-01,Betula,,Betulaceae,PF13405;PF13499;,128;3137;,ALLERGEN: Causes an allergic reaction in human.
P43176,BEV1C_BETPN,reviewed,Major pollen allergen Bet v 1-C (Allergen Bet v I-C) (allergen Bet v 1-C),BETV1C,Betula pendula (European white birch) (Betula verrucosa),BetVI family,1995-11-01,Betula,,Betulaceae,PF00407;,89;94;,"ALLERGEN: Causes an allergic reaction in human. Is a cause of type I allergic reactions in Europe, North America and USSR."
P43183,BEV1J_BETPN,reviewed,Major pollen allergen Bet v 1-J (Allergen Bet v I-J) (allergen Bet v 1-J),BETV1J,Betula pendula (European white birch) (Betula verrucosa),BetVI family,1995-11-01,Betula,,Betulaceae,PF00407;,101;89;,"ALLERGEN: Causes an allergic reaction in human. Is a cause of type I allergic reactions in Europe, North America and USSR. {ECO:0000305|PubMed:7852325}."
P43184,BEV1K_BETPN,reviewed,Major pollen allergen Bet v 1-K (Allergen Bet v I-K) (allergen Bet v 1-K),BETV1K,Betula pendula (European white birch) (Betula verrucosa),BetVI family,1995-11-01,Betula,,Betulaceae,PF00407;,102;89;,"ALLERGEN: Causes an allergic reaction in human. Is a cause of type I allergic reactions in Europe, North America and USSR."
P43178,BEV1E_BETPN,reviewed,Major pollen allergen Bet v 1-E (Allergen Bet v I-E) (allergen Bet v 1-E),BETV1E,Betula pendula (European white birch) (Betula verrucosa),BetVI family,1995-11-01,Betula,,Betulaceae,PF00407;,89;97;,"ALLERGEN: Causes an allergic reaction in human. Is a cause of type I allergic reactions in Europe, North America and USSR."
P43180,BEV1G_BETPN,reviewed,Major pollen allergen Bet v 1-G (Allergen Bet v I-G) (allergen Bet v 1-G),BETV1G,Betula pendula (European white birch) (Betula verrucosa),BetVI family,1995-11-01,Betula,,Betulaceae,PF00407;,100;89;,"ALLERGEN: Causes an allergic reaction in human. Is a cause of type I allergic reactions in Europe, North America and USSR."
Q9FUW6,BETV6_BETPN,reviewed,Phenylcoumaran benzylic ether reductase Betv6 (EC 1.23.1.-) (Minor pollen allergen Bet v 6) (allergen Bet v 6),BETV6,Betula pendula (European white birch) (Betula verrucosa),"NmrA-type oxidoreductase family, Isoflavone reductase subfamily",2019-05-08,Betula,,Betulaceae,PF05368;,131;132;133;,"ALLERGEN: May cause an allergic reaction in human (PubMed:9519865, PubMed:11606193, PubMed:10550744). Binds to IgE from patients allergic to birch pollen (PubMed:9519865, PubMed:11606193, PubMed:10550744). Induces histamine release from basophils of patient allergic to the birch pollen protein Bet v 6 (PubMed:10550744). Exhibits cross-reactivity with IgE from patients allergic to fruits and vegetables (PubMed:9519865, PubMed:11606193, PubMed:10550744). May be a minor allergen of birch pollen (PubMed:9519865, PubMed:11606193, PubMed:10550744). {ECO:0000269|PubMed:10550744, ECO:0000269|PubMed:11606193, ECO:0000269|PubMed:9519865}."
Q39419,POLC4_BETPN,reviewed,Polcalcin Bet v 4 (Calcium-binding pollen allergen Bet v 4) (allergen Bet v 4),BETV4,Betula pendula (European white birch) (Betula verrucosa),,2001-06-20,Betula,,Betulaceae,PF13499;,129;3138;,ALLERGEN: Causes an allergic reaction in human.
P69199,POLC2_BRACM,reviewed,Polcalcin Bra r 2 (Calcium-binding pollen allergen Bra r 2) (allergen Bra r 2),,Brassica campestris (Field mustard),,2005-02-15,Brassica,,Brassicaceae,PF13499;,172;,ALLERGEN: Causes an allergic reaction in human. Binds to IgE.
P69197,POLC1_BRACM,reviewed,Polcalcin Bra r 1 (Calcium-binding pollen allergen Bra r 1) (allergen Bra r 1),,Brassica campestris (Field mustard),,2005-02-15,Brassica,,Brassicaceae,PF13499;,10125;171;,ALLERGEN: Causes an allergic reaction in human. Binds to IgE.
P69196,POLC1_BRANA,reviewed,Polcalcin Bra n 1 (Calcium-binding pollen allergen Bra n 1) (allergen Bra n 1),,Brassica napus (Rape),,2005-02-15,Brassica,,Brassicaceae,PF13499;,710;,ALLERGEN: Causes an allergic reaction in human. Binds to IgE.
P69198,POLC2_BRANA,reviewed,Polcalcin Bra n 2 (Calcium-binding pollen allergen Bra n 2) (allergen Bra n 2),,Brassica napus (Rape),,2005-02-15,Brassica,,Brassicaceae,PF13499;,170;,ALLERGEN: Causes an allergic reaction in human. Binds to IgE.
P38949,MPAC1_CARBE,reviewed,Major pollen allergen Car b 1 isoforms 1A and 1B (Allergen Car b I) (allergen Car b 1),,Carpinus betulus (European hornbeam) (Carpinus caucasica),BetVI family,1995-02-01,Carpinus,,Betulaceae,PF00407;,180;181;182;,ALLERGEN: Causes an allergic reaction in human.
P38950,MPAC2_CARBE,reviewed,Major pollen allergen Car b 1 isoform 2 (Allergen Car b I) (allergen Car b 1),,Carpinus betulus (European hornbeam) (Carpinus caucasica),BetVI family,1995-02-01,Carpinus,,Betulaceae,PF00407;,180;189;,ALLERGEN: Causes an allergic reaction in human.
Q39613,CYPH_CATRO,reviewed,Peptidyl-prolyl cis-trans isomerase (PPIase) (EC 5.2.1.8) (Cyclophilin) (Cyp) (Cyclosporin A-binding protein) (Rotamase) (allergen Cat r 1),PCKR1,Catharanthus roseus (Madagascar periwinkle) (Vinca rosea),Cyclophilin-type PPIase family,1998-07-15,Catharanthus,,Apocynaceae,PF00160;,2900;3181;,ALLERGEN: Causes an allergic reaction in human. Binds to IgE in 100% of 15 patients tested allergic to periwinkle C.roseus pollen. Causes release of beta-hexosaminidase from rat basophil leukemia (RBL) cells. {ECO:0000269|PubMed:24939849}.
Q7M1E7,PGLR2_CHAOB,reviewed,Polygalacturonase (PG) (EC 3.2.1.15) (Major pollen allergen Cha o 2) (Pectinase) (allergen Cha o 2),,Chamaecyparis obtusa (Hinoki false-cypress) (Retinospora obtusa),Glycosyl hydrolase 28 family,2004-05-24,Chamaecyparis,,Cupressaceae,PF00295;,198;3187;,ALLERGEN: Causes an allergic reaction in human. Binds to IgE.
C0HLA0,GH5FP_CHAOB,reviewed,Glycosyl hydrolase 5 family protein (EC 3.2.1.-) (allergen Cha o 3),,Chamaecyparis obtusa (Hinoki false-cypress) (Retinospora obtusa),Glycosyl hydrolase 5 (cellulase A) family,2018-06-20,Chamaecyparis,,Cupressaceae,PF00150;,11866;11867;,ALLERGEN: Causes an allergic reaction in human. Binds to IgE. {ECO:0000269|PubMed:27237746}.
Q96385,PLY1_CHAOB,reviewed,Pectate lyase 1 (EC 4.2.2.2) (Major pollen allergen Cha o 1) (allergen Cha o 1),,Chamaecyparis obtusa (Hinoki false-cypress) (Retinospora obtusa),"Polysaccharide lyase 1 family, Amb a subfamily",2000-12-01,Chamaecyparis,,Cupressaceae,PF00544;,197;3186;,ALLERGEN: Causes an allergic reaction in human. {ECO:0000269|PubMed:8676896}.
Q8LGR0,CHE1_CHEAL,reviewed,Pollen allergen Che a 1 (allergen Che a 1),,Chenopodium album (Fat-hen),Ole e I family,2004-05-24,Chenopodium,,Chenopodiaceae,,199;3188;,ALLERGEN: Causes an allergic reaction in human. Binds to IgE.
Q84V37,PROF_CHEAL,reviewed,Profilin (Minor pollen allergen Che a 2) (allergen Che a 2),,Chenopodium album (Fat-hen),Profilin family,2004-05-24,Chenopodium,,Chenopodiaceae,PF00235;,1068;3189;,ALLERGEN: Causes an allergic reaction in human. Binds to IgE. {ECO:0000269|PubMed:15208604}.
Q84V36,POLC3_CHEAL,reviewed,Polcalcin Che a 3 (Calcium-binding pollen allergen Che a 3) (allergen Che a 3),,Chenopodium album (Fat-hen),,2004-05-24,Chenopodium,,Chenopodiaceae,PF13499;,1069;3190;,"ALLERGEN: Causes an allergic reaction in human. Binds to IgE (PubMed:15208604). Exhibits a cross-reactivity with IgE from allergic patient to the Phleum pratense Phl p 7 allergen (PubMed:18250440). {ECO:0000269|PubMed:15208604, ECO:0000269|PubMed:18250440}."
Q08407,MPAC1_CORAV,reviewed,"Major pollen allergen Cor a 1 isoforms 5, 6, 11 and 16 (Allergen Cor a I) (allergen Cor a 1)",,Corylus avellana (European hazel) (Corylus maxima),BetVI family,1994-10-01,Corylus,,Betulaceae,PF00407;,232;233;234;235;236;,ALLERGEN: Causes an allergic reaction in human. The Cor a 1 isoforms display different antigenic and allergenic properties.
A4KA45,PROF4_CORAV,reviewed,Profilin-4 (Allergen Cor a 2) (Pollen allergen Cor a 2) (allergen Cor a 2),,Corylus avellana (European hazel) (Corylus maxima),Profilin family,2014-01-22,Corylus,,Betulaceae,PF00235;,244;,ALLERGEN: Causes an allergic reaction in human.
A4KA39,PROF1_CORAV,reviewed,Profilin-1 (Allergen Cor a 2) (Pollen allergen Cor a 2) (allergen Cor a 2),,Corylus avellana (European hazel) (Corylus maxima),Profilin family,2014-01-22,Corylus,,Betulaceae,PF00235;,244;,ALLERGEN: Causes an allergic reaction in human.
A4KA40,PROF2_CORAV,reviewed,Profilin-2 (Allergen Cor a 2) (Pollen allergen Cor a 2) (allergen Cor a 2),,Corylus avellana (European hazel) (Corylus maxima),Profilin family,2014-01-22,Corylus,,Betulaceae,PF00235;,244;,ALLERGEN: Causes an allergic reaction in human.
A4KA44,PROF3_CORAV,reviewed,Profilin-3 (Allergen Cor a 2) (Pollen allergen Cor a 2) (allergen Cor a 2),,Corylus avellana (European hazel) (Corylus maxima),Profilin family,2014-01-22,Corylus,,Betulaceae,PF00235;,244;,ALLERGEN: Causes an allergic reaction in human.
A4KA41,PROF5_CORAV,reviewed,Profilin-5 (Allergen Cor a 2) (Pollen allergen Cor a 2) (allergen Cor a 2),,Corylus avellana (European hazel) (Corylus maxima),Profilin family,2014-01-22,Corylus,,Betulaceae,PF00235;,244;,ALLERGEN: Causes an allergic reaction in human.
A4KA43,PROF6_CORAV,reviewed,Profilin-6 (Allergen Cor a 2) (Pollen allergen Cor a 2) (allergen Cor a 2),,Corylus avellana (European hazel) (Corylus maxima),Profilin family,2014-01-22,Corylus,,Betulaceae,PF00235;,244;,ALLERGEN: Causes an allergic reaction in human.
Q9FSY7,BIP_CORAV,reviewed,Endoplasmic reticulum chaperone BiP (EC 3.6.4.10) (78 kDa glucose-regulated protein homolog) (GRP-78 homolog) (Binding-immunoglobulin protein) (BiP) (Heat shock protein 70 family protein) (HSP70 family protein) (Luminal-binding protein) (allergen Cor a 10.0101),,Corylus avellana (European hazel) (Corylus maxima),Heat shock protein 70 family,2019-10-16,Corylus,,Betulaceae,PF00012;,243;3215;,"ALLERGEN: Causes an allergic reaction in human. Binds to IgE in 71% of the 7 patients tested allergic to tree pollen, including hazel and birch pollen. {ECO:0000269|PubMed:12811017}."
Q5EF31,PROF_CROSA,reviewed,Profilin (Pollen allergen Cro s 2) (allergen Cro s 2),,Crocus sativus (Saffron),Profilin family,2006-01-24,Crocus,,Iridaceae,PF00235;,1475;3222;,ALLERGEN: Causes an allergic reaction in human. Binds to IgE of saffron pollen-sensitized patients. {ECO:0000269|PubMed:19628979}.
Q29W25,CROS1_CROSA,reviewed,Pollen allergen Cro s 1 (allergen Cro s 1),,Crocus sativus (Saffron),Ole e I family,2019-04-10,Crocus,,Iridaceae,,2921;3221;,ALLERGEN: Causes an allergic reaction in human. Binds to IgE of saffron pollen-sensitized patients. Important allergen in workers of saffron industry. {ECO:0000269|PubMed:26989701}.
P43212,PGLR2_CRYJA,reviewed,Polygalacturonase (PG) (EC 3.2.1.15) (Allergen Cry j II) (Major pollen allergen Cry j 2) (Pectinase) (allergen Cry j 2),,Cryptomeria japonica (Japanese cedar) (Cupressus japonica),Glycosyl hydrolase 28 family,1995-11-01,Cryptomeria,,Cupressaceae,PF00295;,249;250;,ALLERGEN: Causes an allergic reaction in human.
Q5NTA4,CHI4_CRYJA,reviewed,Endochitinase 4 (EC 3.2.1.14) (Chitinase class IV) (CJP-4) (allergen Cry j Chitinase),,Cryptomeria japonica (Japanese cedar) (Cupressus japonica),"Glycosyl hydrolase 19 family, Chitinase class IV subfamily",2019-12-11,Cryptomeria,,Cupressaceae,PF00182;,2520;,ALLERGEN: Causes an allergic reaction in human. The native protein binds to IgE in all 31 patients tested allergic to Japanese cedar pollen. {ECO:0000269|PubMed:15725197}.
Q5DWG1,CRJ35_CRYJA,reviewed,Pathogenesis-related thaumatin-like protein 3.5 (allergen Cry j 3.5),,Cryptomeria japonica (Japanese cedar) (Cupressus japonica),Thaumatin family,2019-05-08,Cryptomeria,,Cupressaceae,PF00314;,805;,"ALLERGEN: Causes an oral allergy syndrome (OAS) reaction in human and animals (PubMed:22749702, PubMed:26433527, PubMed:17441795). Binds to IgE and induces the release of histamine from leukocytes of allergic patients (PubMed:17441795). Binds to IgE from canine atopic dermatitis (CAD) sensitive dogs (PubMed:22749702). {ECO:0000269|PubMed:17441795, ECO:0000269|PubMed:22749702, ECO:0000303|PubMed:26433527}."
Q5DWG0,CRJ36_CRYJA,reviewed,Pathogenesis-related thaumatin-like protein 3.6 (allergen Cry j 3.6) (Fragment),,Cryptomeria japonica (Japanese cedar) (Cupressus japonica),Thaumatin family,2019-05-08,Cryptomeria,,Cupressaceae,PF00314;,805;,"ALLERGEN: Causes an oral allergy syndrome (OAS) reaction in human and animals (PubMed:22749702, PubMed:26433527, PubMed:17441795). Binds to IgE and induces the release of histamine from leukocytes of allergic patients (PubMed:17441795). Binds to IgE from canine atopic dermatitis (CAD) sensitive dogs (PubMed:22749702). {ECO:0000269|PubMed:17441795, ECO:0000269|PubMed:22749702, ECO:0000303|PubMed:26433527}."
Q5DWG2,CRJ34_CRYJA,reviewed,Pathogenesis-related thaumatin-like protein 3.4 (allergen Cry j 3.4),,Cryptomeria japonica (Japanese cedar) (Cupressus japonica),Thaumatin family,2019-05-08,Cryptomeria,,Cupressaceae,PF00314;,805;,"ALLERGEN: Causes an oral allergy syndrome (OAS) reaction in human and animals (PubMed:22749702, PubMed:26433527, PubMed:17441795). Binds to IgE and induces the release of histamine from leukocytes of allergic patients (PubMed:17441795). Binds to IgE from canine atopic dermatitis (CAD) sensitive dogs (PubMed:22749702). {ECO:0000269|PubMed:17441795, ECO:0000269|PubMed:22749702, ECO:0000303|PubMed:26433527}."
A4PBQ1,CRJ38_CRYJA,reviewed,Pathogenesis-related thaumatin-like protein 3.8 (allergen Cry j 3.8),,Cryptomeria japonica (Japanese cedar) (Cupressus japonica),Thaumatin family,2019-05-08,Cryptomeria,,Cupressaceae,PF00314;,,"ALLERGEN: Causes an oral allergy syndrome (OAS) reaction in human and animals (PubMed:17441795, PubMed:22749702, PubMed:26433527). Binds to IgE and induces the release of histamine from leukocytes of allergic patients (PubMed:17441795). Binds to IgE from canine atopic dermatitis (CAD) sensitive dogs (PubMed:22749702). {ECO:0000269|PubMed:17441795, ECO:0000269|PubMed:22749702, ECO:0000303|PubMed:26433527}."
Q8H996,CRJ31_CRYJA,reviewed,Pathogenesis-related thaumatin-like protein 3.1 (allergen Cry j 3.1),,Cryptomeria japonica (Japanese cedar) (Cupressus japonica),Thaumatin family,2019-05-08,Cryptomeria,,Cupressaceae,PF00314;,805;,"ALLERGEN: Causes an oral allergy syndrome (OAS) reaction in human and animals (PubMed:17441795, PubMed:22749702, PubMed:26433527). Binds to IgE and induces the release of histamine from leukocytes of allergic patients (PubMed:17441795). Binds to IgE from canine atopic dermatitis (CAD) sensitive dogs (PubMed:22749702). {ECO:0000269|PubMed:17441795, ECO:0000269|PubMed:22749702, ECO:0000303|PubMed:26433527}."
Q8H995,CRJ32_CRYJA,reviewed,Pathogenesis-related thaumatin-like protein 3.2 (allergen Cry j 3.2),,Cryptomeria japonica (Japanese cedar) (Cupressus japonica),Thaumatin family,2019-05-08,Cryptomeria,,Cupressaceae,PF00314;,805;,"ALLERGEN: Causes an oral allergy syndrome (OAS) reaction in human and animals (PubMed:22749702, PubMed:26433527, PubMed:17441795). Binds to IgE and induces the release of histamine from leukocytes of allergic patients (PubMed:17441795). Binds to IgE from canine atopic dermatitis (CAD) sensitive dogs (PubMed:22749702). {ECO:0000269|PubMed:17441795, ECO:0000269|PubMed:22749702, ECO:0000303|PubMed:26433527}."
Q8H994,CRJ33_CRYJA,reviewed,Pathogenesis-related thaumatin-like protein 3.3 (allergen Cry j 3.3) (Fragment),,Cryptomeria japonica (Japanese cedar) (Cupressus japonica),Thaumatin family,2019-05-08,Cryptomeria,,Cupressaceae,PF00314;,805;,"ALLERGEN: Causes an oral allergy syndrome (OAS) reaction in human and animals (PubMed:22749702, PubMed:26433527, PubMed:17441795). Binds to IgE and induces the release of histamine from leukocytes of allergic patients (PubMed:17441795). Binds to IgE from canine atopic dermatitis (CAD) sensitive dogs (PubMed:22749702). {ECO:0000269|PubMed:17441795, ECO:0000269|PubMed:22749702, ECO:0000303|PubMed:26433527}."
P18632,PLY1_CRYJA,reviewed,Pectate lyase 1 (EC 4.2.2.2) (Allergen Cry j I) (Major allergen Cry j 1) (Sugi basic protein) (SBP) (allergen Cry j 1),,Cryptomeria japonica (Japanese cedar) (Cupressus japonica),"Polysaccharide lyase 1 family, Amb a subfamily",1990-11-01,Cryptomeria,,Cupressaceae,PF00544;,248;3223;3224;3225;,"ALLERGEN: Causes an allergic reaction in human. This is one of the major allergens of Japanese cedar pollen, the most common pollen allergen in Japan."
Q4W6C7,CRJ37_CRYJA,reviewed,Pathogenesis-related thaumatin-like protein 3.7 (allergen Cry j 3.7),,Cryptomeria japonica (Japanese cedar) (Cupressus japonica),Thaumatin family,2019-05-08,Cryptomeria,,Cupressaceae,PF00314;,805;,"ALLERGEN: Causes an oral allergy syndrome (OAS) reaction in human and animals (PubMed:22749702, PubMed:26433527, PubMed:17441795). Binds to IgE and induces the release of histamine from leukocytes of allergic patients (PubMed:17441795). Binds to IgE from canine atopic dermatitis (CAD) sensitive dogs (PubMed:22749702). {ECO:0000269|PubMed:17441795, ECO:0000269|PubMed:22749702, ECO:0000303|PubMed:26433527}."
Q5FX67,PROF_CUCME,reviewed,Profilin (Pollen allergen Cuc m 2) (allergen Cuc m 2),,Cucumis melo (Muskmelon),Profilin family,2006-01-24,Cucumis,,Cucurbitaceae,PF00235;,3230;981;,"ALLERGEN: Causes an allergic reaction in human. Binds to IgE. This is a pollen allergen. {ECO:0000269|PubMed:16153305, ECO:0000269|PubMed:31326654}."
C0HLL6,CMLN_CUPSE,reviewed,Cypmaclein (Fragments),,Cupressus sempervirens (Italian cypress),GASA family,2019-11-13,Cupressus,,Cupressaceae,,,ALLERGEN: Causes an allergic reaction in human. Binds to IgE. {ECO:0000269|PubMed:31376732}.
C0HKB1,PGLR_CUPSE,reviewed,Polygalacturonase (EC 3.2.1.15) (allergen Cup s 2) (Fragments),,Cupressus sempervirens (Italian cypress),Glycosyl hydrolase 28 family,2017-02-15,Cupressus,,Cupressaceae,PF00295;,10177;11995;,"ALLERGEN: Causes an allergenic reaction in human. Binds to IgE. {ECO:0000269|PubMed:22287175, ECO:0000269|PubMed:22813879, ECO:0000269|PubMed:28439939}."
Q5QJ60,CYND4_CYNDA,reviewed,Berberine bridge enzyme-like Cyn d 4 (60 kDa pollen antigen) (BG60) (Cyn d BG60) (FAD-linked oxidoreductase BG60) (EC 1.-.-.-) (Pollen isoallergen BG60) (allergen Cyn d 4),,Cynodon dactylon (Bermuda grass) (Panicum dactylon),Oxygen-dependent FAD-linked oxidoreductase family,2019-12-11,Cynodon,,Poaceae,PF08031;PF01565;,819;,"ALLERGEN: Causes an allergic reaction in human. Binds to IgE of patients allergic to Bermuda grass pollen (BGP) (PubMed:8828524, PubMed:16121337). Binds to IgE in all 18 patients tested (PubMed:8828524). Binds to IgE in 50% of the 10 patients tested (PubMed:16121337). Periodate oxidation decreases the binding activity to IgE from 20% to 65% as the concentration of periodate increases from 1 mmol/L to 10 mmol/L, indicating the involvement of the carbohydrate moiety of this protein in immune responses (PubMed:8828524). The fucosylated glycan structures of this protein can bind the human C-type lectin receptors CD209 (DC-SIGN) and its related receptor CLEC4M (L-SIGN). The interaction provokes an immune response leading to the activation of RAF1 and ERK kinases and to the induction of tumor necrosis factor (TNF)-alpha expression in human THP-1 cells and monocyte-derived dendritic cells (MDDCs) (PubMed:20080962). {ECO:0000269|PubMed:16121337, ECO:0000269|PubMed:20080962, ECO:0000269|PubMed:8828524}."
P94092,POLC7_CYNDA,reviewed,Polcalcin Cyn d 7 (Calcium-binding pollen allergen Cyn d 7) (Calcium-binding protein B1) (allergen Cyn d 7),,Cynodon dactylon (Bermuda grass) (Panicum dactylon),,2001-06-20,Cynodon,,Poaceae,PF13499;,280;3238;,ALLERGEN: Causes an allergic reaction in human. Binds to IgE.
O04701,MPAC1_CYNDA,reviewed,Major pollen allergen Cyn d 1 (allergen Cyn d 1),CYND1,Cynodon dactylon (Bermuda grass) (Panicum dactylon),"Expansin family, Expansin B subfamily",2001-06-20,Cynodon,,Poaceae,PF03330;PF01357;,266;267;,ALLERGEN: Causes an allergic reaction in human. Causes grass pollen allergy. Binds to IgE.
O04725,PROF_CYNDA,reviewed,Profilin (Pollen allergen Cyn d 12) (allergen Cyn d 12),PRO1; PRO2,Cynodon dactylon (Bermuda grass) (Panicum dactylon),Profilin family,1998-12-15,Cynodon,,Poaceae,PF00235;,279;3233;,ALLERGEN: Causes an allergic reaction in human. {ECO:0000269|PubMed:9420135}.
Q41183,MPAG2_DACGL,reviewed,Pollen allergen Dac g 2 (Allergen Dac g II) (allergen Dac g 2) (Fragment),,Dactylis glomerata (Orchard grass) (Cock's-foot grass),"Expansin family, Expansin B subfamily",1997-11-01,Dactylis,,Poaceae,,283;3240;,ALLERGEN: Causes an allergic reaction in human. Causes grass pollen allergy. Binds to IgE.
P93124,MPAG3_DACGL,reviewed,Pollen allergen Dac g 3 (Allergen Dac g III) (allergen Dac g 3) (Fragment),,Dactylis glomerata (Orchard grass) (Cock's-foot grass),"Expansin family, Expansin B subfamily",2001-06-20,Dactylis,,Poaceae,PF01357;,284;3241;,ALLERGEN: Causes an allergic reaction in human. Causes grass pollen allergy. Binds to IgE.
P82946,MPAG4_DACGL,reviewed,Major pollen allergen Dac g 4 (allergen Dac g 4) (Fragments),,Dactylis glomerata (Orchard grass) (Cock's-foot grass),,2001-08-29,Dactylis,,Poaceae,,285;3242;,ALLERGEN: Causes an allergic reaction in human. Causes grass pollen allergy.
O04298,DAU1_DAUCA,reviewed,Major allergen Dau c 1 (CR16) (Pathogenesis-related protein Gea20) (allergen Dau c 1),,Daucus carota (Wild carrot),BetVI family,2000-12-01,Daucus,,Apiaceae,PF00407;,287;288;289;290;291;292;,ALLERGEN: Causes an allergic reaction in human.
Q8SAE6,PROF_DAUCA,reviewed,Profilin (Minor pollen allergen Dau c 4) (allergen Dau c 4),,Daucus carota (Wild carrot),Profilin family,2004-05-24,Daucus,,Apiaceae,PF00235;,3245;692;,ALLERGEN: Causes an allergic reaction in human.
P26987,SAM22_SOYBN,reviewed,Stress-induced protein SAM22 (Pathogenesis-related protein 10) (Starvation-associated message 22) (allergen Gly m 4),PR-10 GLYMA_07G243500,Glycine max (Soybean) (Glycine hispida),BetVI family,1992-08-01,Glycine,,Fabaceae,PF00407;,3297;749;,"ALLERGEN: Causes an allergic reaction in human (PubMed:12417891, PubMed:14713921). Gly m 4 is the major soy allergen for patients allergic to birch pollen with soy allergy (PubMed:12417891, PubMed:14713921). Binds to IgE (PubMed:12417891, PubMed:14713921). {ECO:0000269|PubMed:12417891, ECO:0000269|PubMed:14713921}."
O81982,PROF_HELAN,reviewed,Profilin (Pollen allergen Hel a 2) (allergen Hel a 2),,Helianthus annuus (Common sunflower),Profilin family,1999-07-15,Helianthus,,Asteraceae,PF00235;,3307;377;,ALLERGEN: Causes an allergic reaction in human. {ECO:0000269|PubMed:9798651}.
Q9FY35,PRR3_HESAR,reviewed,Pathogenesis-related 5 protein Cup a 3 (PR-5 protein Cup a 3) (Pollen protein Cup a 3) (Thaumatin-like protein Cup a 3) (TLP Cup a 3) (allergen Cup a 3) (Fragment),,Hesperocyparis arizonica (Arizona cypress) (Cupressus arizonica),Thaumatin family,2019-04-10,Hesperocyparis,,Cupressaceae,PF00314;,898;,ALLERGEN: Causes an allergic reaction in human. Binds to IgE in 63% of 104 patients allergic to cypress pollen. {ECO:0000269|PubMed:15080828}.
A0T2M3,POLC4_HESAR,reviewed,Polcalcin Cup a 4 (Calcium-binding pollen allergen Cup a 4) (allergen Cup a 4),,Hesperocyparis arizonica (Arizona cypress) (Cupressus arizonica),,2019-05-08,Hesperocyparis,,Cupressaceae,PF13499;,3552;8443;,ALLERGEN: Causes an allergic reaction in human. Binds to IgE in 9.6% of 177 patients allergic to Arizona cypress pollen. {ECO:0000269|PubMed:20869950}.
Q9SCG9,PLY1_HESAR,reviewed,Pectate lyase 1 (EC 4.2.2.2) (Major pollen allergen Cup a 1) (allergen Cup a 1),,Hesperocyparis arizonica (Arizona cypress) (Cupressus arizonica),"Polysaccharide lyase 1 family, Amb a subfamily",2000-12-01,Hesperocyparis,,Cupressaceae,PF00544;,256;3232;895;,ALLERGEN: Causes an allergic reaction in human. {ECO:0000269|PubMed:11122214}.
Q9M7N0,PROF3_HEVBR,reviewed,Profilin-3 (Pollen allergen Hev b 8.0201) (allergen Hev b 8.0201),,Hevea brasiliensis (Para rubber tree) (Siphonia brasiliensis),Profilin family,2001-06-20,Hevea,,Euphorbiaceae,PF00235;,397;400;,ALLERGEN: Causes an allergic reaction in human. Involved in latex allergic reactions.
Q9STB6,PROF2_HEVBR,reviewed,Profilin-2 (Pollen allergen Hev b 8.0102) (allergen Hev b 8.0102),PRO2,Hevea brasiliensis (Para rubber tree) (Siphonia brasiliensis),Profilin family,2001-06-20,Hevea,,Euphorbiaceae,PF00235;,397;399;,"ALLERGEN: Causes an allergic reaction in human. Involved in latex allergic reactions (PubMed:10955696). Dimerization considerably increases the IgE-mediated degranulation in rat basophilic leukemia cells (PubMed:27586352). {ECO:0000269|PubMed:10955696, ECO:0000269|PubMed:27586352}."
Q9M7M8,PROF5_HEVBR,reviewed,Profilin-5 (Pollen allergen Hev b 8.0203) (allergen Hev b 8.0203),,Hevea brasiliensis (Para rubber tree) (Siphonia brasiliensis),Profilin family,2001-06-20,Hevea,,Euphorbiaceae,PF00235;,397;402;,ALLERGEN: Causes an allergic reaction in human. Involved in latex allergic reactions.
Q9M7M9,PROF4_HEVBR,reviewed,Profilin-4 (Pollen allergen Hev b 8.0202) (allergen Hev b 8.0202),,Hevea brasiliensis (Para rubber tree) (Siphonia brasiliensis),Profilin family,2001-06-20,Hevea,,Euphorbiaceae,PF00235;,397;401;,ALLERGEN: Causes an allergic reaction in human. Involved in latex allergic reactions.
Q9LEI8,PROF6_HEVBR,reviewed,Profilin-6 (Pollen allergen Hev b 8.0204) (allergen Hev b 8.0204),,Hevea brasiliensis (Para rubber tree) (Siphonia brasiliensis),Profilin family,2001-06-20,Hevea,,Euphorbiaceae,PF00235;,397;403;,ALLERGEN: Causes an allergic reaction in human. Involved in latex allergic reactions.
O65812,PROF1_HEVBR,reviewed,Profilin-1 (Pollen allergen Hev b 8.0101) (allergen Hev b 8.0101),,Hevea brasiliensis (Para rubber tree) (Siphonia brasiliensis),Profilin family,1998-12-15,Hevea,,Euphorbiaceae,PF00235;,397;398;,ALLERGEN: Causes an allergic reaction in human. Involved in latex allergic reactions. {ECO:0000269|PubMed:12169172}.
P43216,MPAH1_HOLLA,reviewed,Major pollen allergen Hol l 1 (Allergen Hol l 1.0101/1.0102) (Allergen Hol l I) (allergen Hol l 1),,Holcus lanatus (Yorkshire-fog) (Nothoholcus lanatus),"Expansin family, Expansin B subfamily",1995-11-01,Holcus,,Poaceae,PF03330;PF01357;,405;406;407;,ALLERGEN: Causes an allergic reaction in human. Causes grass pollen allergy. Binds to IgE.
I1SKR9,ALL3_HUMJA,reviewed,Allergen Hum j 3 (allergen Hum j 3),,Humulus japonicus (Japanese hop),,2014-10-01,Humulus,,Cannabaceae,,1239;,"ALLERGEN: Causes an allergic reaction in human. {ECO:0000269|PubMed:10457112, ECO:0000269|Ref.2}."
P81294,PLY1_JUNAS,reviewed,Pectate lyase 1 (EC 4.2.2.2) (Major pollen allergen Jun a 1) (allergen Jun a 1),,Juniperus ashei (Ozark white cedar),"Polysaccharide lyase 1 family, Amb a subfamily",2000-12-01,Juniperus (junipers),,Cupressaceae,PF00544;,3337;3338;427;,"ALLERGEN: Causes an allergic reaction in human. Binds to IgE. Causes seasonal allergic rhinitis in North America. {ECO:0000269|PubMed:10482835, ECO:0000269|PubMed:10482836}."
Q9FY19,PGLR2_JUNAS,reviewed,Polygalacturonase (PG) (EC 3.2.1.15) (Major pollen allergen Jun a 2) (Pectinase) (allergen Jun a 2),JNA2,Juniperus ashei (Ozark white cedar),Glycosyl hydrolase 28 family,2004-05-24,Juniperus (junipers),,Cupressaceae,PF00295;,3339;428;,ALLERGEN: Causes an allergic reaction in human.
P81295,PRR3_JUNAS,reviewed,Pathogenesis-related protein (Pollen allergen Jun a 3) (allergen Jun a 3),,Juniperus ashei (Ozark white cedar),Thaumatin family,2000-12-01,Juniperus (junipers),,Cupressaceae,PF00314;,3340;429;,ALLERGEN: Causes an allergic reaction in human.
O64943,POLC2_JUNOX,reviewed,Polcalcin Jun o 2 (Calcium-binding pollen allergen Jun o 2) (allergen Jun o 2),,Juniperus oxycedrus (Prickly juniper),,2001-06-20,Juniperus (junipers),,Cupressaceae,PF13499;,3341;430;,ALLERGEN: Causes an allergic reaction in human. Binds to IgE.
Q9LLT1,PLY1_JUNVI,reviewed,Pectate lyase 1 (EC 4.2.2.2) (Major pollen allergen Jun v 1) (allergen Jun v 1),,Juniperus virginiana (Eastern redcedar) (Sabina virginiana),"Polysaccharide lyase 1 family, Amb a subfamily",2004-08-16,Juniperus (junipers),,Cupressaceae,PF00544;,3342;3343;431;,ALLERGEN: Causes an allergic reaction in human. Binds to IgE of patients who are allergic to J.ashei. {ECO:0000269|PubMed:11422137}.
P81826,MPAJ4_JUNVI,reviewed,Major pollen allergen Jun v 4 (allergen Jun v 4) (Fragment),,Juniperus virginiana (Eastern redcedar) (Sabina virginiana),,2004-08-16,Juniperus (junipers),,Cupressaceae,,433;,ALLERGEN: Causes an allergic reaction in human. Binds to IgE of patients who are allergic to J.ashei. {ECO:0000269|PubMed:11422137}.
Q9LD79,PRR3_JUNVI,reviewed,Pathogenesis-related protein (Putative major pollen allergen Jun v 3) (allergen Jun v 3) (Fragment),,Juniperus virginiana (Eastern redcedar) (Sabina virginiana),Thaumatin family,2004-08-16,Juniperus (junipers),,Cupressaceae,PF00314;,3344;3345;776;,ALLERGEN: This protein is similar to other pollen allergens but is truncated and lacks the IgE binding epitopes found in similar proteins so may not be allergenic. {ECO:0000303|PubMed:11422137}.
W8P8Q3,SALK6_KALTU,reviewed,"Probable galacturan 1,4-alpha-galacturonidase SALK6 (EC 3.2.1.67) (Exopolygalacturonase SALK6) (Pollen allergen Sal k 6) (allergen Sal k 6)",,Kali turgidum (Prickly saltwort) (Salsola kali),Glycosyl hydrolase 28 family,2017-08-30,Kali,,Chenopodiaceae,PF00295;,,ALLERGEN: Causes an allergic reaction in human. Binds to IgE. Induces basophil activation from blood of S.kali pollen-sensitized patients. {ECO:0000269|PubMed:28502749}.
W8P570,PRF03_KALTU,reviewed,Profilin Sal k 4.0301 (Allergen Sal k 4.03) (allergen Sal k 4.0301),,Kali turgidum (Prickly saltwort) (Salsola kali),Profilin family,2019-07-31,Kali,,Chenopodiaceae,PF00235;,,ALLERGEN: Causes an allergic reaction in human. Binds to IgE in 29% of the 165 Spanish patients tested allergic to S.kali and/or C.album pollen. {ECO:0000269|PubMed:23043287}.
P83181,POA1_KALTU,reviewed,Pollen allergen Sal k 1 (allergen Sal k 1) (Fragments),,Kali turgidum (Prickly saltwort) (Salsola kali),,2002-11-15,Kali,,Chenopodiaceae,,3348;3774;,ALLERGEN: Causes an allergic reaction in human. Binds to IgE. {ECO:0000269|PubMed:14616126}.
E2D0Y9,PRF02_KALTU,reviewed,Profilin Sal k 4.0201 (Allergen Sal k 4.02) (allergen Sal k 4.0201),,Kali turgidum (Prickly saltwort) (Salsola kali),Profilin family,2019-07-31,Kali,,Chenopodiaceae,PF00235;,2099;8201;,"ALLERGEN: Causes an allergic reaction in human. Binds to IgE in 24% of the 165 Spanish patients tested allergic to S.kali and/or C.album pollen. Reduced (by approximately 35%) IgE-binding capacity compared to Sal k 4.03 in 86% of the patients who have positive IgE-binding to the three profilins, Sal k 4.02, Sal k 4.03 and Che a 2. {ECO:0000269|PubMed:23043287}."
C6JWH0,PRF01_KALTU,reviewed,Profilin Sal k 4.0101 (Allergen Sal k 4) (allergen Sal k 4.0101),,Kali turgidum (Prickly saltwort) (Salsola kali),Profilin family,2019-07-31,Kali,,Chenopodiaceae,PF00235;,2099;8171;,ALLERGEN: Causes an allergic reaction in human. Binds to IgE in 47% of the 30 patients allergic to S.kali pollen. {ECO:0000269|PubMed:20622444}.
E2D0Z0,SALK5_KALTU,reviewed,Pollen allergen Sal k 5.0101 (Allergen Sal k 5) (Olee1-like protein Sal k 5) (allergen Sal k 5.0101) (Fragment),,Kali turgidum (Prickly saltwort) (Salsola kali),Ole e I family,2020-02-26,Kali,,Chenopodiaceae,,8202;8203;,"ALLERGEN: Causes an allergic reaction in human. Natural protein binds to IgE in 32% and 40% of the 57 S.kali pollen-allergic patients tested from the center (Zaragoza) and east coast (Murcia) of Spain, respectively. IgE-binding is decreased when the disulfide bonds are disrupted. {ECO:0000269|PubMed:24356442}."
O82015,LIGV1_LIGVU,reviewed,Major pollen allergen Lig v 1 (allergen Lig v 1),,Ligustrum vulgare (Common privet) (Ligustrum insulare),Ole e I family,2001-06-20,Ligustrum (privets),,Oleaceae,,446;447;448;,ALLERGEN: Causes an allergic reaction in human.
P14946,MPAL1_LOLPR,reviewed,Pollen allergen Lol p 1 (Allergen Lol p I) (Allergen R7) (allergen Lol p 1),,Lolium perenne (Perennial ryegrass),"Expansin family, Expansin B subfamily",1990-04-01,Lolium,,Poaceae,PF03330;PF01357;,450;451;452;,ALLERGEN: Causes an allergic reaction in human. Causes grass pollen allergy. Binds to IgE.
P14947,MPAL2_LOLPR,reviewed,Pollen allergen Lol p 2-A (Allergen Lol p II-A) (allergen Lol p 2-A),,Lolium perenne (Perennial ryegrass),"Expansin family, Expansin B subfamily",1990-04-01,Lolium,,Poaceae,PF01357;,3355;457;,ALLERGEN: Causes an allergic reaction in human. Causes grass pollen allergy. Binds to IgE. {ECO:0000269|PubMed:2472390}.
Q40240,MPA5A_LOLPR,reviewed,Major pollen allergen Lol p 5a (Allergen Lol p Ib) (Allergen Lol p Va) (allergen Lol p 5a),LOLPIB,Lolium perenne (Perennial ryegrass),Poa p IX/Phl p VI allergen family,1997-11-01,Lolium,,Poaceae,PF01620;,460;462;,ALLERGEN: Causes an allergic reaction in human. Causes grass pollen allergy.
Q40237,MPA5B_LOLPR,reviewed,Major pollen allergen Lol p 5b (Allergen Lol p Vb) (allergen Lol p 5b),,Lolium perenne (Perennial ryegrass),Poa p IX/Phl p VI allergen family,1997-11-01,Lolium,,Poaceae,PF01620;,460;461;,ALLERGEN: Causes an allergic reaction in human. Causes grass pollen allergy.
P14948,MPAL3_LOLPR,reviewed,Pollen allergen Lol p 3 (Allergen Lol p III) (allergen Lol p 3),,Lolium perenne (Perennial ryegrass),"Expansin family, Expansin B subfamily",1990-04-01,Lolium,,Poaceae,PF01357;,3356;458;,ALLERGEN: Causes an allergic reaction in human. Causes grass pollen allergy. Binds to IgE. {ECO:0000269|PubMed:2605214}.
Q7M1X5,LOLB_LOLPR,reviewed,Major pollen allergen Lol p 11 (Allergen Lol p XI) (allergen Lol p 11),,Lolium perenne (Perennial ryegrass),Ole e I family,2004-05-24,Lolium,,Poaceae,,3354;455;,ALLERGEN: Causes an allergic reaction in human. Binds to IgE.
Q9XF40,PROF1_MALDO,reviewed,Profilin-1 (GD4-1) (Pollen allergen Mal d 4.0301) (allergen Mal d 4.0301),,Malus domestica (Apple) (Pyrus malus),Profilin family,2001-06-20,Malus,,Rosaceae,PF00235;,2418;796;,ALLERGEN: Causes an allergic reaction in human.
Q9XF41,PROF2_MALDO,reviewed,Profilin-2 (GD4-2) (Pollen allergen Mal d 4.0201) (allergen Mal d 4.0201),,Malus domestica (Apple) (Pyrus malus),Profilin family,2001-06-20,Malus,,Rosaceae,PF00235;,2416;796;,ALLERGEN: Causes an allergic reaction in human.
P43211,MAL11_MALDO,reviewed,Major allergen Mal d 1 (Allergen Mal d I) (allergen Mal d 1),MALD1,Malus domestica (Apple) (Pyrus malus),BetVI family,1995-11-01,Malus,,Rosaceae,PF00407;,1447;1448;464;,"ALLERGEN: Causes an allergic reaction in human; allergic reactions against this protein result from initial sensitization to the major allergen from birch pollen, Bet v 1. {ECO:0000269|PubMed:16293967, ECO:0000305|PubMed:27165578, ECO:0000305|PubMed:28161953}."
Q9XF42,PROF3_MALDO,reviewed,Profilin-3 (GD4-5) (Pollen allergen Mal d 4.0101) (allergen Mal d 4.0101),,Malus domestica (Apple) (Pyrus malus),Profilin family,2001-06-20,Malus,,Rosaceae,PF00235;,2414;796;,ALLERGEN: Causes an allergic reaction in human.
O49894,PROF_MERAN,reviewed,Profilin (Pollen allergen Mer a 1) (allergen Mer a 1),,Mercurialis annua (Annual mercury),Profilin family,1998-12-15,Mercurialis,,Euphorbiaceae,PF00235;,3375;476;,ALLERGEN: Causes an allergic reaction in human. {ECO:0000269|PubMed:9525453}.
Q94JN3,PROF_MUSAC,reviewed,Profilin (Minor fruit allergen Mus xp 1) (allergen Mus xp 1),,Musa acuminata (Banana) (Musa cavendishii),Profilin family,2006-01-24,Musa,,Musaceae,PF00235;,7632;7633;,ALLERGEN: Causes an allergic reaction in human. Binds to IgE. This is a food allergen. {ECO:0000269|PubMed:12065910}.
Q9ST99,PROF2_TOBAC,reviewed,Profilin-2 (Pollen allergen Nic t 8) (allergen Nic t 8),PRO2,Nicotiana tabacum (Common tobacco),Profilin family,2001-06-20,Nicotiana,,Solanaceae,PF00235;,1407;,ALLERGEN: Causes an allergic reaction in human.
Q8VWY7,POLC2_TOBAC,reviewed,Polcalcin Nic t 2 (Calcium-binding pollen allergen Nic t 2) (allergen Nic t 2),Nict2,Nicotiana tabacum (Common tobacco),,2005-02-15,Nicotiana,,Solanaceae,PF13499;,,ALLERGEN: Causes an allergic reaction in human.
Q8VWY6,POLC1_TOBAC,reviewed,Polcalcin Nic t 1 (Calcium-binding pollen allergen Nic t 1) (allergen Nic t 1),Nict1,Nicotiana tabacum (Common tobacco),,2005-02-15,Nicotiana,,Solanaceae,PF13499;,,ALLERGEN: Causes an allergic reaction in human.
P19963,ALL1_OLEEU,reviewed,Major pollen allergen Ole e 1 (Allergen Ole e I) (allergen Ole e 1),,Olea europaea (Common olive),Ole e I family,1991-02-01,Olea,,Oleaceae,,482;483;487;488;489;,ALLERGEN: Causes an allergic reaction in human. Major allergen from olive pollen. Important in Mediterranean countries. {ECO:0000269|PubMed:17250698}.
Q94G86,ALL9_OLEEU,reviewed,"Glucan endo-1,3-beta-D-glucosidase (EC 3.2.1.39) (Major pollen allergen Ole e 9) (allergen Ole e 9)",OLE9,Olea europaea (Common olive),Glycosyl hydrolase 17 family,2013-02-06,Olea,,Oleaceae,PF00332;PF07983;,3391;497;,"ALLERGEN: Causes an allergic reaction in human. Major allergen from olive pollen. Important in Mediterranean countries. {ECO:0000269|PubMed:12392450, ECO:0000269|PubMed:15784114}."
D8VPP5,AL11A_OLEEU,reviewed,Pectinesterase 1 (EC 3.1.1.11) (Pollen allergen Ole e 11.0101) (Ole e 11-1) (allergen Ole e 11.0101),,Olea europaea (Common olive),Pectinesterase family,2013-02-06,Olea,,Oleaceae,PF01095;,5966;8716;,ALLERGEN: Causes an allergic reaction in human. Allergen from olive pollen. Important in Mediterranean countries and California. Its prevalence is related to the geographic area.
B2VPR8,AL11B_OLEEU,reviewed,Pectinesterase 2 (EC 3.1.1.11) (Pollen allergen Ole e 11.0102) (Ole e 11-2) (allergen Ole e 11.0102),,Olea europaea (Common olive),Pectinesterase family,2013-02-06,Olea,,Oleaceae,PF01095;,5966;8780;,ALLERGEN: Causes an allergic reaction in human. Allergen from olive pollen. Important in Mediterranean countries and California. Its prevalence is related to the geographic area.
Q84V39,ALL10_OLEEU,reviewed,Major pollen allergen Ole e 10 (allergen Ole e 10),,Olea europaea (Common olive),,2013-02-06,Olea,,Oleaceae,PF07983;,1319;3382;,ALLERGEN: Causes an allergic reaction in human. Allergen from olive pollen.
O24169,PROFA_OLEEU,reviewed,Profilin-1 (Pollen allergen Ole e 2) (allergen Ole e 2),PRO1,Olea europaea (Common olive),Profilin family,1998-12-15,Olea,,Oleaceae,PF00235;,3383;490;,ALLERGEN: Causes an allergic reaction in human. {ECO:0000269|PubMed:9314349}.
O24171,PROFC_OLEEU,reviewed,Profilin-3 (Pollen allergen Ole e 2) (allergen Ole e 2),PRO3,Olea europaea (Common olive),Profilin family,1998-12-15,Olea,,Oleaceae,PF00235;,3383;490;,ALLERGEN: Causes an allergic reaction in human.
O24170,PROFB_OLEEU,reviewed,Profilin-2 (Pollen allergen Ole e 2) (allergen Ole e 2),PRO2,Olea europaea (Common olive),Profilin family,1998-12-15,Olea,,Oleaceae,PF00235;,3383;490;,ALLERGEN: Causes an allergic reaction in human.
A4GCR7,PROFP_OLEEU,reviewed,Profilin-4 (Pollen allergen Ole e 2) (allergen Ole e 2),,Olea europaea (Common olive),Profilin family,2014-01-22,Olea,,Oleaceae,PF00235;,490;,ALLERGEN: Causes an allergic reaction in human.
A4GE47,PROBT_OLEEU,reviewed,Profilin-2 (Pollen allergen Ole e 2) (allergen Ole e 2),,Olea europaea (Common olive),Profilin family,2014-01-22,Olea,,Oleaceae,PF00235;,490;,ALLERGEN: Causes an allergic reaction in human.
A4GE38,PROBO_OLEEU,reviewed,Profilin-1 (Pollen allergen Ole e 2) (allergen Ole e 2),,Olea europaea (Common olive),Profilin family,2014-01-22,Olea,,Oleaceae,PF00235;,490;,ALLERGEN: Causes an allergic reaction in human.
A4GE48,PROBU_OLEEU,reviewed,Profilin-2 (Pollen allergen Ole e 2) (allergen Ole e 2),,Olea europaea (Common olive),Profilin family,2014-01-22,Olea,,Oleaceae,PF00235;,490;,ALLERGEN: Causes an allergic reaction in human.
A4GE42,PROBQ_OLEEU,reviewed,Profilin-3 (Pollen allergen Ole e 2) (allergen Ole e 2),,Olea europaea (Common olive),Profilin family,2014-01-22,Olea,,Oleaceae,PF00235;,490;,ALLERGEN: Causes an allergic reaction in human.
A4GE44,PROBR_OLEEU,reviewed,Profilin-2 (Pollen allergen Ole e 2) (allergen Ole e 2),,Olea europaea (Common olive),Profilin family,2014-01-22,Olea,,Oleaceae,PF00235;,490;,ALLERGEN: Causes an allergic reaction in human.
A4GE53,PROBX_OLEEU,reviewed,Profilin-2 (Pollen allergen Ole e 2) (allergen Ole e 2),,Olea europaea (Common olive),Profilin family,2014-01-22,Olea,,Oleaceae,PF00235;,490;,ALLERGEN: Causes an allergic reaction in human.
A4GE39,PROBP_OLEEU,reviewed,Profilin-2 (Pollen allergen Ole e 2) (allergen Ole e 2),,Olea europaea (Common olive),Profilin family,2014-01-22,Olea,,Oleaceae,PF00235;,490;,ALLERGEN: Causes an allergic reaction in human.
A4GE50,PROBW_OLEEU,reviewed,Profilin-4 (Pollen allergen Ole e 2) (allergen Ole e 2),,Olea europaea (Common olive),Profilin family,2014-01-22,Olea,,Oleaceae,PF00235;,490;,ALLERGEN: Causes an allergic reaction in human.
A4GE55,PROBZ_OLEEU,reviewed,Profilin-2 (Pollen allergen Ole e 2) (allergen Ole e 2),,Olea europaea (Common olive),Profilin family,2014-01-22,Olea,,Oleaceae,PF00235;,490;,ALLERGEN: Causes an allergic reaction in human.
A4GCR8,PROFQ_OLEEU,reviewed,Profilin-2 (Pollen allergen Ole e 2) (allergen Ole e 2),,Olea europaea (Common olive),Profilin family,2014-01-22,Olea,,Oleaceae,PF00235;,490;,ALLERGEN: Causes an allergic reaction in human.
A4GE54,PROBY_OLEEU,reviewed,Profilin-3 (Pollen allergen Ole e 2) (allergen Ole e 2),,Olea europaea (Common olive),Profilin family,2014-01-22,Olea,,Oleaceae,PF00235;,490;,ALLERGEN: Causes an allergic reaction in human.
A4GCR6,PROFF_OLEEU,reviewed,Profilin-3 (Pollen allergen Ole e 2) (allergen Ole e 2),,Olea europaea (Common olive),Profilin family,2014-01-22,Olea,,Oleaceae,PF00235;,490;,ALLERGEN: Causes an allergic reaction in human.
A4GE49,PROBV_OLEEU,reviewed,Profilin-3 (Pollen allergen Ole e 2) (allergen Ole e 2),,Olea europaea (Common olive),Profilin family,2014-01-22,Olea,,Oleaceae,PF00235;,490;,ALLERGEN: Causes an allergic reaction in human.
P0DKF4,PROAM_OLEEU,reviewed,Profilin-3 (Pollen allergen Ole e 2) (allergen Ole e 2),,Olea europaea (Common olive),Profilin family,2014-01-22,Olea,,Oleaceae,PF00235;,,ALLERGEN: Causes an allergic reaction in human.
P0DKE0,PROFR_OLEEU,reviewed,Profilin-3 (Pollen allergen Ole e 2) (allergen Ole e 2),,Olea europaea (Common olive),Profilin family,2014-01-22,Olea,,Oleaceae,PF00235;,,ALLERGEN: Causes an allergic reaction in human.
A4GE45,PROBS_OLEEU,reviewed,Profilin-1 (Pollen allergen Ole e 2) (allergen Ole e 2),,Olea europaea (Common olive),Profilin family,2014-01-22,Olea,,Oleaceae,PF00235;,490;,ALLERGEN: Causes an allergic reaction in human.
P0DKE6,PROAB_OLEEU,reviewed,Profilin-3 (Pollen allergen Ole e 2) (allergen Ole e 2),,Olea europaea (Common olive),Profilin family,2014-01-22,Olea,,Oleaceae,PF00235;,,ALLERGEN: Causes an allergic reaction in human.
A4GD55,PROFZ_OLEEU,reviewed,Profilin-1 (Pollen allergen Ole e 2) (allergen Ole e 2),,Olea europaea (Common olive),Profilin family,2014-01-22,Olea,,Oleaceae,PF00235;,490;,ALLERGEN: Causes an allergic reaction in human.
A4GDS7,PROBB_OLEEU,reviewed,Profilin-2 (Pollen allergen Ole e 2) (allergen Ole e 2),,Olea europaea (Common olive),Profilin family,2014-01-22,Olea,,Oleaceae,PF00235;,490;,ALLERGEN: Causes an allergic reaction in human.
A4GDT3,PROBF_OLEEU,reviewed,Profilin-1 (Pollen allergen Ole e 2) (allergen Ole e 2),,Olea europaea (Common olive),Profilin family,2014-01-22,Olea,,Oleaceae,PF00235;,490;,ALLERGEN: Causes an allergic reaction in human.
A4GDU2,PROBK_OLEEU,reviewed,Profilin-3 (Pollen allergen Ole e 2) (allergen Ole e 2),,Olea europaea (Common olive),Profilin family,2014-01-22,Olea,,Oleaceae,PF00235;,490;,ALLERGEN: Causes an allergic reaction in human.
A4GDR3,PROAT_OLEEU,reviewed,Profilin-2 (Pollen allergen Ole e 2) (allergen Ole e 2),,Olea europaea (Common olive),Profilin family,2014-01-22,Olea,,Oleaceae,PF00235;,490;,ALLERGEN: Causes an allergic reaction in human.
A4GDU5,PROBM_OLEEU,reviewed,Profilin-2 (Pollen allergen Ole e 2) (allergen Ole e 2),,Olea europaea (Common olive),Profilin family,2014-01-22,Olea,,Oleaceae,PF00235;,490;,ALLERGEN: Causes an allergic reaction in human.
P80740,SODC1_OLEEU,reviewed,Superoxide dismutase [Cu-Zn] 1 (EC 1.15.1.1) (Allergen Ole e V) (allergen Ole e 5) (Fragment),,Olea europaea (Common olive),Cu-Zn superoxide dismutase family,1997-11-01,Olea,,Oleaceae,,3386;493;,ALLERGEN: Causes an allergic reaction in human. Allergen from olive pollen. Important in Mediterranean countries and California. Its prevalence is related to the geographic area. {ECO:0000305|PubMed:22385802}.
E3SU11,ALL13_OLEEU,reviewed,"Thaumatin-like protein (Endo-(1,3)-beta-glucanase) (EC 3.2.1.-) (allergen Ole e 13)",,Olea europaea (Common olive),Thaumatin family,2013-02-06,Olea,,Oleaceae,PF00314;,12135;4055;,ALLERGEN: Causes an allergic reaction in human. Is the only allergen described until now in the olive fruit. Contains epitopes responsible of cross allergenicity between food and pollen allergenic thaumatin-like proteins (PubMed:27017426). {ECO:0000305|PubMed:27017426}.
O24172,ALL6_OLEEU,reviewed,Major pollen allergen Ole e 6 (allergen Ole e 6),OLE6,Olea europaea (Common olive),,2001-06-20,Olea,,Oleaceae,PF09253;,3387;494;,ALLERGEN: Causes an allergic reaction in human. Major allergen from olive pollen. {ECO:0000269|PubMed:9237648}.
A4GDT5,PROBH_OLEEU,reviewed,Profilin-3 (Pollen allergen Ole e 2) (allergen Ole e 2),,Olea europaea (Common olive),Profilin family,2014-01-22,Olea,,Oleaceae,PF00235;,490;,ALLERGEN: Causes an allergic reaction in human.
A4KA53,PROCM_OLEEU,reviewed,Profilin-8 (Pollen allergen Ole e 2) (allergen Ole e 2),,Olea europaea (Common olive),Profilin family,2014-01-22,Olea,,Oleaceae,PF00235;,490;,ALLERGEN: Causes an allergic reaction in human.
P0DKD6,PROFL_OLEEU,reviewed,Profilin-1 (Pollen allergen Ole e 2) (allergen Ole e 2),,Olea europaea (Common olive),Profilin family,2014-01-22,Olea,,Oleaceae,PF00235;,,ALLERGEN: Causes an allergic reaction in human.
P0DKE4,PROFW_OLEEU,reviewed,Profilin-4 (Pollen allergen Ole e 2) (allergen Ole e 2),,Olea europaea (Common olive),Profilin family,2014-01-22,Olea,,Oleaceae,PF00235;,,ALLERGEN: Causes an allergic reaction in human.
A4KA52,PROCL_OLEEU,reviewed,Profilin-7 (Pollen allergen Ole e 2) (allergen Ole e 2),,Olea europaea (Common olive),Profilin family,2014-01-22,Olea,,Oleaceae,PF00235;,490;,ALLERGEN: Causes an allergic reaction in human.
P0DKD3,PROFI_OLEEU,reviewed,Profilin-1 (Pollen allergen Ole e 2) (allergen Ole e 2),,Olea europaea (Common olive),Profilin family,2014-01-22,Olea,,Oleaceae,PF00235;,,ALLERGEN: Causes an allergic reaction in human.
P0DKE1,PROFS_OLEEU,reviewed,Profilin-1 (Pollen allergen Ole e 2) (allergen Ole e 2),,Olea europaea (Common olive),Profilin family,2014-01-22,Olea,,Oleaceae,PF00235;,,ALLERGEN: Causes an allergic reaction in human.
P0DKD1,PROFG_OLEEU,reviewed,Profilin-1 (Pollen allergen Ole e 2) (allergen Ole e 2),,Olea europaea (Common olive),Profilin family,2014-01-22,Olea,,Oleaceae,PF00235;,,ALLERGEN: Causes an allergic reaction in human.
A4GDU0,PROBJ_OLEEU,reviewed,Profilin-2 (Pollen allergen Ole e 2) (allergen Ole e 2),,Olea europaea (Common olive),Profilin family,2014-01-22,Olea,,Oleaceae,PF00235;,490;,ALLERGEN: Causes an allergic reaction in human.
A4KA49,PROCI_OLEEU,reviewed,Profilin-4 (Pollen allergen Ole e 2) (allergen Ole e 2),,Olea europaea (Common olive),Profilin family,2014-01-22,Olea,,Oleaceae,PF00235;,490;,ALLERGEN: Causes an allergic reaction in human.
Q9M7R0,ALL8_OLEEU,reviewed,Calcium-binding allergen Ole e 8 (PCA18/PCA23) (allergen Ole e 8),,Olea europaea (Common olive),,2001-06-20,Olea,,Oleaceae,PF13499;,3389;496;,ALLERGEN: Causes an allergic reaction in human.
P80741,ALL4_OLEEU,reviewed,Major pollen allergen Ole e 4 (Allergen Ole e IV) (allergen Ole e 4) (Fragments),,Olea europaea (Common olive),Glycosyl hydrolase 17 family,1997-11-01,Olea,,Oleaceae,,3385;492;,ALLERGEN: Causes an allergic reaction in human. Major allergen from olive pollen. Important in Mediterranean countries.
O81092,ALL3_OLEEU,reviewed,Polcalcin Ole e 3 (Calcium-binding pollen allergen Ole e 3) (allergen Ole e 3),OLE3,Olea europaea (Common olive),,2001-06-20,Olea,,Oleaceae,PF13499;,3384;491;,ALLERGEN: Causes an allergic reaction in human. Binds to IgE.
P0DKD8,PROFN_OLEEU,reviewed,Profilin-1 (Pollen allergen Ole e 2) (allergen Ole e 2),,Olea europaea (Common olive),Profilin family,2014-01-22,Olea,,Oleaceae,PF00235;,,ALLERGEN: Causes an allergic reaction in human.
P81430,ALL7_OLEEU,reviewed,Pollen allergen Ole e 7 (Allergen Ole e VII) (allergen Ole e 7) (Fragment),,Olea europaea (Common olive),,2000-05-30,Olea,,Oleaceae,,3388;495;,ALLERGEN: Causes an allergic reaction in human. Allergen from olive pollen. Important in Mediterranean countries and California. Its prevalence is related to the geographic area. {ECO:0000269|PubMed:12173271}.
E1U332,ALL12_OLEEU,reviewed,Isoflavone reductase-like protein (Pollen allergen Ole e 12) (allergen Ole e 12),,Olea europaea (Common olive),"NmrA-type oxidoreductase family, Isoflavone reductase subfamily",2013-02-06,Olea,,Oleaceae,PF05368;,12134;9073;,ALLERGEN: Protein found in olive tree pollen that may cause an allergic reaction in human. {ECO:0000305}.
P0DKE7,PROAC_OLEEU,reviewed,Profilin-2 (Pollen allergen Ole e 2) (allergen Ole e 2),,Olea europaea (Common olive),Profilin family,2014-01-22,Olea,,Oleaceae,PF00235;,,ALLERGEN: Causes an allergic reaction in human.
P0DKF5,PROAN_OLEEU,reviewed,Profilin-1 (Pollen allergen Ole e 2) (allergen Ole e 2),,Olea europaea (Common olive),Profilin family,2014-01-22,Olea,,Oleaceae,PF00235;,,ALLERGEN: Causes an allergic reaction in human.
A4GFC2,PROCF_OLEEU,reviewed,Profilin-4 (Pollen allergen Ole e 2) (allergen Ole e 2),,Olea europaea (Common olive),Profilin family,2014-01-22,Olea,,Oleaceae,PF00235;,490;,ALLERGEN: Causes an allergic reaction in human.
A4GD50,PROFT_OLEEU,reviewed,Profilin-2 (Pollen allergen Ole e 2) (allergen Ole e 2),,Olea europaea (Common olive),Profilin family,2014-01-22,Olea,,Oleaceae,PF00235;,490;,ALLERGEN: Causes an allergic reaction in human.
P0DKD4,PROFJ_OLEEU,reviewed,Profilin-1 (Pollen allergen Ole e 2) (allergen Ole e 2),,Olea europaea (Common olive),Profilin family,2014-01-22,Olea,,Oleaceae,PF00235;,,ALLERGEN: Causes an allergic reaction in human.
P0DKD5,PROFK_OLEEU,reviewed,Profilin-1 (Pollen allergen Ole e 2) (allergen Ole e 2),,Olea europaea (Common olive),Profilin family,2014-01-22,Olea,,Oleaceae,PF00235;,,ALLERGEN: Causes an allergic reaction in human.
P0DKF7,PROAP_OLEEU,reviewed,Profilin-1 (Pollen allergen Ole e 2) (allergen Ole e 2),,Olea europaea (Common olive),Profilin family,2014-01-22,Olea,,Oleaceae,PF00235;,,ALLERGEN: Causes an allergic reaction in human.
A4GDU3,PROBL_OLEEU,reviewed,Profilin-4 (Pollen allergen Ole e 2) (allergen Ole e 2),,Olea europaea (Common olive),Profilin family,2014-01-22,Olea,,Oleaceae,PF00235;,490;,ALLERGEN: Causes an allergic reaction in human.
P0DKE2,PROFU_OLEEU,reviewed,Profilin-3 (Pollen allergen Ole e 2) (allergen Ole e 2),,Olea europaea (Common olive),Profilin family,2014-01-22,Olea,,Oleaceae,PF00235;,,ALLERGEN: Causes an allergic reaction in human.
A4GD54,PROFY_OLEEU,reviewed,Profilin-5 (Pollen allergen Ole e 2) (allergen Ole e 2),,Olea europaea (Common olive),Profilin family,2014-01-22,Olea,,Oleaceae,PF00235;,490;,ALLERGEN: Causes an allergic reaction in human.
A4GDR6,PROAV_OLEEU,reviewed,Profilin-4 (Pollen allergen Ole e 2) (allergen Ole e 2),,Olea europaea (Common olive),Profilin family,2014-01-22,Olea,,Oleaceae,PF00235;,490;,ALLERGEN: Causes an allergic reaction in human.
A4GFC4,PROCH_OLEEU,reviewed,Profilin-4 (Pollen allergen Ole e 2) (allergen Ole e 2),,Olea europaea (Common olive),Profilin family,2014-01-22,Olea,,Oleaceae,PF00235;,490;,ALLERGEN: Causes an allergic reaction in human.
A4KA54,PROCN_OLEEU,reviewed,Profilin-9 (Pollen allergen Ole e 2) (allergen Ole e 2),,Olea europaea (Common olive),Profilin family,2014-01-22,Olea,,Oleaceae,PF00235;,490;,ALLERGEN: Causes an allergic reaction in human.
A4GCR5,PROFE_OLEEU,reviewed,Profilin-2 (Pollen allergen Ole e 2) (allergen Ole e 2),,Olea europaea (Common olive),Profilin family,2014-01-22,Olea,,Oleaceae,PF00235;,490;,ALLERGEN: Causes an allergic reaction in human.
A4GDR8,PROAX_OLEEU,reviewed,Profilin-2 (Pollen allergen Ole e 2) (allergen Ole e 2),,Olea europaea (Common olive),Profilin family,2014-01-22,Olea,,Oleaceae,PF00235;,490;,ALLERGEN: Causes an allergic reaction in human.
P0DKD0,PROFD_OLEEU,reviewed,Profilin-1 (Pollen allergen Ole e 2) (allergen Ole e 2),,Olea europaea (Common olive),Profilin family,2014-01-22,Olea,,Oleaceae,PF00235;,,ALLERGEN: Causes an allergic reaction in human.
A4GDT1,PROBE_OLEEU,reviewed,Profilin-3 (Pollen allergen Ole e 2) (allergen Ole e 2),,Olea europaea (Common olive),Profilin family,2014-01-22,Olea,,Oleaceae,PF00235;,490;,ALLERGEN: Causes an allergic reaction in human.
A4GFB9,PROCD_OLEEU,reviewed,Profilin-4 (Pollen allergen Ole e 2) (allergen Ole e 2),,Olea europaea (Common olive),Profilin family,2014-01-22,Olea,,Oleaceae,PF00235;,490;,ALLERGEN: Causes an allergic reaction in human.
P0DKD7,PROFM_OLEEU,reviewed,Profilin-1 (Pollen allergen Ole e 2) (allergen Ole e 2),,Olea europaea (Common olive),Profilin family,2014-01-22,Olea,,Oleaceae,PF00235;,,ALLERGEN: Causes an allergic reaction in human.
P0DKF2,PROAH_OLEEU,reviewed,Profilin-1 (Pollen allergen Ole e 2) (allergen Ole e 2),,Olea europaea (Common olive),Profilin family,2014-01-22,Olea,,Oleaceae,PF00235;,,ALLERGEN: Causes an allergic reaction in human.
P0DKE5,PROFX_OLEEU,reviewed,Profilin-2 (Pollen allergen Ole e 2) (allergen Ole e 2),,Olea europaea (Common olive),Profilin family,2014-01-22,Olea,,Oleaceae,PF00235;,,ALLERGEN: Causes an allergic reaction in human.
P0DKD9,PROFO_OLEEU,reviewed,Profilin-1 (Pollen allergen Ole e 2) (allergen Ole e 2),,Olea europaea (Common olive),Profilin family,2014-01-22,Olea,,Oleaceae,PF00235;,,ALLERGEN: Causes an allergic reaction in human.
A4GDS6,PROBA_OLEEU,reviewed,Profilin-2 (Pollen allergen Ole e 2) (allergen Ole e 2),,Olea europaea (Common olive),Profilin family,2014-01-22,Olea,,Oleaceae,PF00235;,490;,ALLERGEN: Causes an allergic reaction in human.
A4GFC0,PROCE_OLEEU,reviewed,Profilin-3 (Pollen allergen Ole e 2) (allergen Ole e 2),,Olea europaea (Common olive),Profilin family,2014-01-22,Olea,,Oleaceae,PF00235;,490;,ALLERGEN: Causes an allergic reaction in human.
P0DKD2,PROFH_OLEEU,reviewed,Profilin-1 (Pollen allergen Ole e 2) (allergen Ole e 2),,Olea europaea (Common olive),Profilin family,2014-01-22,Olea,,Oleaceae,PF00235;,,ALLERGEN: Causes an allergic reaction in human.
A4GDU6,PROBN_OLEEU,reviewed,Profilin-3 (Pollen allergen Ole e 2) (allergen Ole e 2),,Olea europaea (Common olive),Profilin family,2014-01-22,Olea,,Oleaceae,PF00235;,490;,ALLERGEN: Causes an allergic reaction in human.
A4KA51,PROCK_OLEEU,reviewed,Profilin-6 (Pollen allergen Ole e 2) (allergen Ole e 2),,Olea europaea (Common olive),Profilin family,2014-01-22,Olea,,Oleaceae,PF00235;,490;,ALLERGEN: Causes an allergic reaction in human.
P0DKF1,PROAG_OLEEU,reviewed,Profilin-2 (Pollen allergen Ole e 2) (allergen Ole e 2),,Olea europaea (Common olive),Profilin family,2014-01-22,Olea,,Oleaceae,PF00235;,,ALLERGEN: Causes an allergic reaction in human.
A4GDT4,PROBG_OLEEU,reviewed,Profilin-2 (Pollen allergen Ole e 2) (allergen Ole e 2),,Olea europaea (Common olive),Profilin family,2014-01-22,Olea,,Oleaceae,PF00235;,490;,ALLERGEN: Causes an allergic reaction in human.
A4KA50,PROCJ_OLEEU,reviewed,Profilin-5 (Pollen allergen Ole e 2) (allergen Ole e 2),,Olea europaea (Common olive),Profilin family,2014-01-22,Olea,,Oleaceae,PF00235;,490;,ALLERGEN: Causes an allergic reaction in human.
A4GDS9,PROBC_OLEEU,reviewed,Profilin-3 (Pollen allergen Ole e 2) (allergen Ole e 2),,Olea europaea (Common olive),Profilin family,2014-01-22,Olea,,Oleaceae,PF00235;,490;,ALLERGEN: Causes an allergic reaction in human.
A4GDT0,PROBD_OLEEU,reviewed,Profilin-2 (Pollen allergen Ole e 2) (allergen Ole e 2),,Olea europaea (Common olive),Profilin family,2014-01-22,Olea,,Oleaceae,PF00235;,490;,ALLERGEN: Causes an allergic reaction in human.
A4GFC3,PROCG_OLEEU,reviewed,Profilin-3 (Pollen allergen Ole e 2) (allergen Ole e 2),,Olea europaea (Common olive),Profilin family,2014-01-22,Olea,,Oleaceae,PF00235;,490;,ALLERGEN: Causes an allergic reaction in human.
A4GDQ6,PROAK_OLEEU,reviewed,Profilin-3 (Pollen allergen Ole e 2) (allergen Ole e 2),,Olea europaea (Common olive),Profilin family,2014-01-22,Olea,,Oleaceae,PF00235;,490;,ALLERGEN: Causes an allergic reaction in human.
A4GFB7,PROCA_OLEEU,reviewed,Profilin-2 (Pollen allergen Ole e 2) (allergen Ole e 2),,Olea europaea (Common olive),Profilin family,2014-01-22,Olea,,Oleaceae,PF00235;,490;,ALLERGEN: Causes an allergic reaction in human.
P0DKE8,PROAD_OLEEU,reviewed,Profilin-1 (Pollen allergen Ole e 2) (allergen Ole e 2),,Olea europaea (Common olive),Profilin family,2014-01-22,Olea,,Oleaceae,PF00235;,,ALLERGEN: Causes an allergic reaction in human.
P0DKG0,PROCB_OLEEU,reviewed,Profilin-3 (Pollen allergen Ole e 2) (allergen Ole e 2),,Olea europaea (Common olive),Profilin family,2014-01-22,Olea,,Oleaceae,PF00235;,,ALLERGEN: Causes an allergic reaction in human.
P0DKG1,PROCC_OLEEU,reviewed,Profilin-4 (Pollen allergen Ole e 2) (allergen Ole e 2),,Olea europaea (Common olive),Profilin family,2014-01-22,Olea,,Oleaceae,PF00235;,,ALLERGEN: Causes an allergic reaction in human.
A4GD56,PROAA_OLEEU,reviewed,Profilin-2 (Pollen allergen Ole e 2) (allergen Ole e 2),,Olea europaea (Common olive),Profilin family,2014-01-22,Olea,,Oleaceae,PF00235;,490;,ALLERGEN: Causes an allergic reaction in human.
A4GD58,PROAJ_OLEEU,reviewed,Profilin-4 (Pollen allergen Ole e 2) (allergen Ole e 2),,Olea europaea (Common olive),Profilin family,2014-01-22,Olea,,Oleaceae,PF00235;,490;,ALLERGEN: Causes an allergic reaction in human.
P0DKF0,PROAF_OLEEU,reviewed,Profilin-1 (Pollen allergen Ole e 2) (allergen Ole e 2),,Olea europaea (Common olive),Profilin family,2014-01-22,Olea,,Oleaceae,PF00235;,,ALLERGEN: Causes an allergic reaction in human.
P0DKF3,PROAI_OLEEU,reviewed,Profilin-1 (Pollen allergen Ole e 2) (allergen Ole e 2),,Olea europaea (Common olive),Profilin family,2014-01-22,Olea,,Oleaceae,PF00235;,,ALLERGEN: Causes an allergic reaction in human.
P0DKE3,PROFV_OLEEU,reviewed,Profilin-2 (Pollen allergen Ole e 2) (allergen Ole e 2),,Olea europaea (Common olive),Profilin family,2014-01-22,Olea,,Oleaceae,PF00235;,,ALLERGEN: Causes an allergic reaction in human.
A4GDR7,PROAW_OLEEU,reviewed,Profilin-1 (Pollen allergen Ole e 2) (allergen Ole e 2),,Olea europaea (Common olive),Profilin family,2014-01-22,Olea,,Oleaceae,PF00235;,490;,ALLERGEN: Causes an allergic reaction in human.
P0DKF8,PROAQ_OLEEU,reviewed,Profilin-2 (Pollen allergen Ole e 2) (allergen Ole e 2),,Olea europaea (Common olive),Profilin family,2014-01-22,Olea,,Oleaceae,PF00235;,,ALLERGEN: Causes an allergic reaction in human.
P0DKF9,PROAR_OLEEU,reviewed,Profilin-2 (Pollen allergen Ole e 2) (allergen Ole e 2),,Olea europaea (Common olive),Profilin family,2014-01-22,Olea,,Oleaceae,PF00235;,,ALLERGEN: Causes an allergic reaction in human.
A4GDR9,PROAY_OLEEU,reviewed,Profilin-3 (Pollen allergen Ole e 2) (allergen Ole e 2),,Olea europaea (Common olive),Profilin family,2014-01-22,Olea,,Oleaceae,PF00235;,490;,ALLERGEN: Causes an allergic reaction in human.
A4GDQ8,PROAL_OLEEU,reviewed,Profilin-4 (Pollen allergen Ole e 2) (allergen Ole e 2),,Olea europaea (Common olive),Profilin family,2014-01-22,Olea,,Oleaceae,PF00235;,490;,ALLERGEN: Causes an allergic reaction in human.
A4GDR4,PROAU_OLEEU,reviewed,Profilin-3 (Pollen allergen Ole e 2) (allergen Ole e 2),,Olea europaea (Common olive),Profilin family,2014-01-22,Olea,,Oleaceae,PF00235;,490;,ALLERGEN: Causes an allergic reaction in human.
P0DKE9,PROAE_OLEEU,reviewed,Profilin-1 (Pollen allergen Ole e 2) (allergen Ole e 2),,Olea europaea (Common olive),Profilin family,2014-01-22,Olea,,Oleaceae,PF00235;,,ALLERGEN: Causes an allergic reaction in human.
P0DKF6,PROAO_OLEEU,reviewed,Profilin-1 (Pollen allergen Ole e 2) (allergen Ole e 2),,Olea europaea (Common olive),Profilin family,2014-01-22,Olea,,Oleaceae,PF00235;,,ALLERGEN: Causes an allergic reaction in human.
A4GDS0,PROAZ_OLEEU,reviewed,Profilin-4 (Pollen allergen Ole e 2) (allergen Ole e 2),,Olea europaea (Common olive),Profilin family,2014-01-22,Olea,,Oleaceae,PF00235;,490;,ALLERGEN: Causes an allergic reaction in human.
A4GDT9,PROBI_OLEEU,reviewed,Profilin-2 (Pollen allergen Ole e 2) (allergen Ole e 2),,Olea europaea (Common olive),Profilin family,2014-01-22,Olea,,Oleaceae,PF00235;,490;,ALLERGEN: Causes an allergic reaction in human.
A4GDR1,PROAS_OLEEU,reviewed,Profilin-4 (Pollen allergen Ole e 2) (allergen Ole e 2),,Olea europaea (Common olive),Profilin family,2014-01-22,Olea,,Oleaceae,PF00235;,490;,ALLERGEN: Causes an allergic reaction in human.
Q8L5E0,SODC2_OLEEU,reviewed,Superoxide dismutase [Cu-Zn] 2 (EC 1.15.1.1) (Allergen Ole e V) (allergen Ole e 5),OLE5 O5,Olea europaea (Common olive),Cu-Zn superoxide dismutase family,2013-02-06,Olea,,Oleaceae,PF00080;,493;,ALLERGEN: Causes an allergic reaction in human. Allergen from olive pollen. Important in Mediterranean countries and California. Its prevalence is related to the geographic area. {ECO:0000269|PubMed:15785077}.
Q40638,EXPB1_ORYSJ,reviewed,Expansin-B1 (Beta-expansin-1) (Major pollen allergen Ory s 1) (Ory s I) (OsEXPB1) (OsaEXPb1.2) (OsaEXPb1.3) (allergen Ory s 1),EXPB1a Os03g0106500 LOC_Os03g01610 OSJNBa0009C08.15; EXPB1b Os03g0106900 LOC_Os03g01650 OSJNBa0009C08.19,Oryza sativa subsp. japonica (Rice),"Expansin family, Expansin B subfamily",1997-11-01,Oryza,,Poaceae,PF03330;PF01357;,3394;499;,ALLERGEN: Causes an allergic reaction in human. Causes grass pollen allergy. Binds to IgE. {ECO:0000269|PubMed:7590339}.
P83466,MPAO2_ORYSJ,reviewed,Pollen allergen Ory s 2-A (allergen Ory s 2-A) (Fragment),Os06g0662900 LOC_Os06g45230,Oryza sativa subsp. japonica (Rice),"Expansin family, Expansin B subfamily",2003-06-27,Oryza,,Poaceae,,,ALLERGEN: Causes an allergic reaction in human. Causes grass pollen allergy. Binds to IgE. {ECO:0000269|Ref.1}.
P55958,NLT21_PARJU,reviewed,Probable non-specific lipid-transfer protein 2 (LTP 2) (Allergen Par j II) (Major pollen allergen Par j 2.0101) (Protein P2) (allergen Par j 2.0101),,Parietaria judaica (Pellitory-of-the-wall) (Parietaria diffusa),Plant LTP family,1997-11-01,Parietaria,,Urticaceae,PF00234;,507;508;,ALLERGEN: Causes an allergic reaction in human. Binds to IgE and induces histamine release from basophils of Pj-pollen-allergic subjects.
O04403,NLT22_PARJU,reviewed,Probable non-specific lipid-transfer protein 2 (LTP 2) (Allergen Par j II) (Major pollen allergen Par j 2.0102) (Protein P8) (allergen Par j 2.0102),,Parietaria judaica (Pellitory-of-the-wall) (Parietaria diffusa),Plant LTP family,1998-12-15,Parietaria,,Urticaceae,PF00234;,507;509;,ALLERGEN: Causes an allergic reaction in human. Binds to IgE and induces histamine release from basophils of Pj-pollen-allergic subjects.
Q40905,NLT13_PARJU,reviewed,Probable non-specific lipid-transfer protein 1 (LTP) (Allergen Par j I) (Major pollen allergen Par j 1.0201) (Protein P1) (allergen Par j 1.0201),,Parietaria judaica (Pellitory-of-the-wall) (Parietaria diffusa),Plant LTP family,1997-11-01,Parietaria,,Urticaceae,PF00234;,503;506;,ALLERGEN: Causes an allergic reaction in human. Binds to IgE and induces histamine release from basophils of Pj-pollen-allergic subjects.
O04404,NLT12_PARJU,reviewed,Probable non-specific lipid-transfer protein 1 (LTP) (Allergen Par j I) (Major pollen allergen Par j 1.0102) (Protein P9) (allergen Par j 1.0102),,Parietaria judaica (Pellitory-of-the-wall) (Parietaria diffusa),Plant LTP family,1998-12-15,Parietaria,,Urticaceae,PF00234;,503;505;,ALLERGEN: Causes an allergic reaction in human. Binds to IgE and induces histamine release from basophils of Pj-pollen-allergic subjects.
Q9XG85,PROF1_PARJU,reviewed,Profilin-1 (Pollen allergen Par j 3.0101) (allergen Par j 3.0101),PRO1,Parietaria judaica (Pellitory-of-the-wall) (Parietaria diffusa),Profilin family,2001-06-20,Parietaria,,Urticaceae,PF00235;,510;511;,ALLERGEN: Causes an allergic reaction in human.
Q9T0M8,PROF2_PARJU,reviewed,Profilin-2 (Pollen allergen Par j 3.0102) (allergen Par j 3.0102),PRO2,Parietaria judaica (Pellitory-of-the-wall) (Parietaria diffusa),Profilin family,2001-06-20,Parietaria,,Urticaceae,PF00235;,510;512;,ALLERGEN: Causes an allergic reaction in human.
P43217,NLT11_PARJU,reviewed,Probable non-specific lipid-transfer protein (LTP) (Allergen Par j I) (Major pollen allergen Par j 1.0101) (Protein P5) (allergen Par j 1.0101) (Fragment),PMAI,Parietaria judaica (Pellitory-of-the-wall) (Parietaria diffusa),Plant LTP family,1995-11-01,Parietaria,,Urticaceae,PF00234;,503;504;,ALLERGEN: Causes an allergic reaction in human. Binds to IgE and induces histamine release from basophils of Pj-pollen-allergic subjects.
P85293,EXPB_PASNO,reviewed,Expansin-B (Beta-expansin) (Pollen allergen Pas n 1) (allergen Pas n 1) (Fragment),,Paspalum notatum (Bahia grass),"Expansin family, Expansin B subfamily",2009-09-01,Paspalum,,Poaceae,,874;,ALLERGEN: Causes an allergic reaction in human. Binds to IgE. {ECO:0000269|Ref.1}.
P56164,MPA51_PHAAQ,reviewed,Major pollen allergen Pha a 5.1 (Allergen Pha a 5) (allergen Pha a 5.1),,Phalaris aquatica (Canary grass),Poa p IX/Phl p VI allergen family,1997-11-01,Phalaris,,Poaceae,PF01620;,1658;548;,ALLERGEN: Causes an allergic reaction in human. Causes grass pollen allergy.
P56166,MPA53_PHAAQ,reviewed,Major pollen allergen Pha a 5.3 (Allergen Pha a 5) (allergen Pha a 5.3),,Phalaris aquatica (Canary grass),Poa p IX/Phl p VI allergen family,1997-11-01,Phalaris,,Poaceae,PF01620;,548;,ALLERGEN: Causes an allergic reaction in human. Causes grass pollen allergy.
Q41260,MPAP1_PHAAQ,reviewed,Major pollen allergen Pha a 1 (Allergen Pha a I) (allergen Pha a 1),,Phalaris aquatica (Canary grass),"Expansin family, Expansin B subfamily",1997-11-01,Phalaris,,Poaceae,PF03330;PF01357;,3486;547;,ALLERGEN: Causes an allergic reaction in human. Causes grass pollen allergy. Binds to IgE. {ECO:0000269|PubMed:7687099}.
P56165,MPA52_PHAAQ,reviewed,Major pollen allergen Pha a 5.2 (Allergen Pha a 5) (allergen Pha a 5.2),,Phalaris aquatica (Canary grass),Poa p IX/Phl p VI allergen family,1997-11-01,Phalaris,,Poaceae,,548;,ALLERGEN: Causes an allergic reaction in human. Causes grass pollen allergy.
P56167,MPA54_PHAAQ,reviewed,Major pollen allergen Pha a 5.4 (Allergen Pha a 5) (allergen Pha a 5.4) (Fragment),,Phalaris aquatica (Canary grass),Poa p IX/Phl p VI allergen family,1997-11-01,Phalaris,,Poaceae,PF01620;,548;,ALLERGEN: Causes an allergic reaction in human. Causes grass pollen allergy.
O24650,PROF2_PHLPR,reviewed,Profilin-2 (Allergen Phl p 11) (Pollen allergen Phl p 12) (Profilin 4) (allergen Phl p 12),PRO2; PRO4,Phleum pratense (Common timothy),Profilin family,1998-12-15,Phleum,,Poaceae,PF00235;,3490;553;,ALLERGEN: Causes an allergic reaction in human. Binds to IgE.
P35079,PROF1_PHLPR,reviewed,Profilin-1 (Allergen Phl p 11) (Pollen allergen Phl p 12) (allergen Phl p 12),PRO1 PHLPXI,Phleum pratense (Common timothy),Profilin family,1994-02-01,Phleum,,Poaceae,PF00235;,3416;553;,ALLERGEN: Causes an allergic reaction in human. Binds to IgE.
O24282,PROF3_PHLPR,reviewed,Profilin-3 (Allergen Phl p 11) (Pollen allergen Phl p 12) (allergen Phl p 12),PRO3,Phleum pratense (Common timothy),Profilin family,1998-12-15,Phleum,,Poaceae,PF00235;,3417;553;,ALLERGEN: Causes an allergic reaction in human. Binds to IgE.
A4KA31,PROF4_PHLPR,reviewed,Profilin-4 (Pollen allergen Phl p 12) (pollen profilin variant 1) (pollen profilin variant 5) (allergen Phl p 12),,Phleum pratense (Common timothy),Profilin family,2014-01-22,Phleum,,Poaceae,PF00235;,553;,ALLERGEN: Causes an allergic reaction in human.
A4KA34,PROF7_PHLPR,reviewed,Profilin-7 (Pollen allergen Phl p 12) (pollen profilin variant 4) (allergen Phl p 12),,Phleum pratense (Common timothy),Profilin family,2014-01-22,Phleum,,Poaceae,PF00235;,553;,ALLERGEN: Causes an allergic reaction in human.
A4KA36,PROF8_PHLPR,reviewed,Profilin-8 (Pollen allergen Phl p 12) (pollen profilin variant 6) (allergen Phl p 12),,Phleum pratense (Common timothy),Profilin family,2014-01-22,Phleum,,Poaceae,PF00235;,553;,ALLERGEN: Causes an allergic reaction in human.
A4KA38,PRO10_PHLPR,reviewed,Profilin-10 (Pollen allergen Phl p 12) (pollen profilin variant 8) (allergen Phl p 12),,Phleum pratense (Common timothy),Profilin family,2014-01-22,Phleum,,Poaceae,PF00235;,553;,ALLERGEN: Causes an allergic reaction in human.
A4KA33,PROF6_PHLPR,reviewed,Profilin-6 (Pollen allergen Phl p 12) (pollen profilin variant 3) (allergen Phl p 12),,Phleum pratense (Common timothy),Profilin family,2014-01-22,Phleum,,Poaceae,PF00235;,553;,ALLERGEN: Causes an allergic reaction in human.
A4KA32,PROF5_PHLPR,reviewed,Profilin-5 (Pollen allergen Phl p 12) (pollen profilin variant 2) (allergen Phl p 12),,Phleum pratense (Common timothy),Profilin family,2014-01-22,Phleum,,Poaceae,PF00235;,553;,ALLERGEN: Causes an allergic reaction in human.
A4KA37,PROF9_PHLPR,reviewed,Profilin-9 (Pollen allergen Phl p 12) (pollen profilin variant 7) (allergen Phl p 12),,Phleum pratense (Common timothy),Profilin family,2014-01-22,Phleum,,Poaceae,PF00235;,553;,ALLERGEN: Causes an allergic reaction in human.
P43213,MPAP1_PHLPR,reviewed,Pollen allergen Phl p 1 (Allergen Phl p I) (allergen Phl p 1),PHLPI,Phleum pratense (Common timothy),"Expansin family, Expansin B subfamily",1995-11-01,Phleum,,Poaceae,PF03330;PF01357;,549;551;,ALLERGEN: Causes an allergic reaction in human. Causes grass pollen allergy. Binds to IgE. {ECO:0000269|PubMed:7930302}.
Q40963,MPA5B_PHLPR,reviewed,Pollen allergen Phl p 5b (Allergen Phl p Vb) (allergen Phl p 5b) (Fragment),,Phleum pratense (Common timothy),Poa p IX/Phl p VI allergen family,1997-11-01,Phleum,,Poaceae,PF01620;,558;567;,ALLERGEN: Causes an allergic reaction in human. Causes grass pollen allergy.
P43214,MPAP2_PHLPR,reviewed,Pollen allergen Phl p 2 (Allergen Phl p II) (allergen Phl p 2),PHLPII,Phleum pratense (Common timothy),"Expansin family, Expansin B subfamily",1995-11-01,Phleum,,Poaceae,PF01357;,3419;555;,ALLERGEN: Causes an allergic reaction in human. Causes grass pollen allergy. Binds to IgE. {ECO:0000269|PubMed:8262175}.
Q40962,MPA5A_PHLPR,reviewed,Pollen allergen Phl p 5a (Allergen Phl p Va) (allergen Phl p 5a) (Fragment),,Phleum pratense (Common timothy),Poa p IX/Phl p VI allergen family,1997-11-01,Phleum,,Poaceae,PF01620;,558;560;,ALLERGEN: Causes an allergic reaction in human. Causes grass pollen allergy.
Q40960,MPAP5_PHLPR,reviewed,Pollen allergen Phl p 5.0101 (Allergen Phl p 5a) (Allergen Phl p V) (allergen Phl p 5.0101),,Phleum pratense (Common timothy),Poa p IX/Phl p VI allergen family,2018-07-18,Phleum,,Poaceae,PF01620;,558;559;,"ALLERGEN: Causes an allergic reaction in human. Causes grass pollen allergy. Binds to IgE of patients who are allergic to P.pratense. {ECO:0000269|PubMed:28532654, ECO:0000269|PubMed:7691956}."
P43215,MPAP6_PHLPR,reviewed,Pollen allergen Phl p 6 (Allergen Phl p VI) (allergen Phl p 6),PHLPVI,Phleum pratense (Common timothy),Poa p IX/Phl p VI allergen family,1995-11-01,Phleum,,Poaceae,PF01620;,3420;569;,ALLERGEN: Causes an allergic reaction in human. {ECO:0000269|PubMed:7647586}.
O82040,POLC7_PHLPR,reviewed,Polcalcin Phl p 7 (Calcium-binding pollen allergen Phl p 7) (Protein P7) (allergen Phl p 7),P7,Phleum pratense (Common timothy),,2001-06-20,Phleum,,Poaceae,PF13499;,3422;570;,"ALLERGEN: Causes an allergic reaction in human (PubMed:10224228, PubMed:30150373). Binds to IgE of sensitized grass pollen allergic patients (PubMed:10224228, PubMed:30150373). Triggers immediate hypersensitivity reactions by cross-linking receptor-bound IgE molecules on effector cells, and induces degranulation of basophils sensitized with IgE (PubMed:30150373). Recombinant protein induces basophil histamine release and immediate type skin reactions in sensitized allergic patients (PubMed:10224228). {ECO:0000269|PubMed:10224228, ECO:0000269|PubMed:30150373}."
Q8H6L7,PHLB_PHLPR,reviewed,Pollen allergen Phl p 11 (allergen Phl p 11),,Phleum pratense (Common timothy),Ole e I family,2004-05-24,Phleum,,Poaceae,,3415;552;,ALLERGEN: Causes an allergic reaction in human. Binds to IgE.
P85412,BGAL_PHODC,reviewed,Beta-galactosidase (Lactase) (EC 3.2.1.23) (Fragment),,Phoenix dactylifera (Date palm),Glycosyl hydrolase 35 family,2009-05-05,Phoenix,,Arecaceae,,,ALLERGEN: Causes an allergic reaction in human. Binds to IgE. {ECO:0000269|PubMed:20128428}.
Q8L5D8,PROF_PHODC,reviewed,Profilin (allergen Pho d 2),,Phoenix dactylifera (Date palm),Profilin family,2017-03-15,Phoenix,,Arecaceae,PF00235;,3423;571;,"ALLERGEN: Causes an allergic reaction in human. Binds to IgE. {ECO:0000269|PubMed:15784118, ECO:0000269|PubMed:28126622}."
P85413,RGP1_PHODC,reviewed,Probable UDP-arabinopyranose mutase 1 (EC 5.4.99.30) (Reversibly glycosylated polypeptide) (RGP) (UDP-L-arabinose mutase 1) (UDP-glucose:protein transglucosylase) (UPTG) (Fragments),,Phoenix dactylifera (Date palm),RGP family,2009-05-05,Phoenix,,Arecaceae,PF03214;,,ALLERGEN: Causes an allergic reaction in human. Binds to IgE. {ECO:0000269|PubMed:20128428}.
P82242,PLAL1_PLALA,reviewed,Major pollen allergen Pla l 1 (allergen Pla l 1),,Plantago lanceolata (English plantain) (Ribwort plantain),Ole e I family,2003-02-12,Plantago,,Plantaginaceae,,1323;1324;1325;574;,"ALLERGEN: Causes an allergic reaction in human. Binds to IgE. The English plantain pollen is an important cause of pollinosis in the temperate regions of North America, Australia and Europe. The glycan moiety does not seem to constitute a relevant allergenic epitope."
C0HJX6,PROF_PLALA,reviewed,Profilin (allergen Pla l 2) (Fragments),,Plantago lanceolata (English plantain) (Ribwort plantain),Profilin family,2017-03-15,Plantago,,Plantaginaceae,,11840;11915;,ALLERGEN: Causes an allergic reaction in human. Binds to IgE. {ECO:0000269|PubMed:28126622}.
Q6H9K0,PGLR2_PLAAC,reviewed,Exopolygalacturonase (EC 3.2.1.67) (Pollen allergen Pla a 2) (allergen Pla a 2.0101) (Fragment),plaa2,Platanus acerifolia (London plane tree),Glycosyl hydrolase 28 family,2004-08-16,Platanus,,Platanaceae,PF00295;,3426;573;,"ALLERGEN: Causes an allergic reaction in human. Binds to IgE of patients allergic to London plane tree pollen (PubMed:15208603, PubMed:17177673). Binds to IgE in 84% of the 26 patients tested (PubMed:15208603). Binds to IgE in 50% of the 26 patients tested (PubMed:17177673). {ECO:0000269|PubMed:15208603, ECO:0000269|PubMed:17177673}."
Q8GT41,PLA1_PLAAC,reviewed,Putative invertase inhibitor (Pollen allergen Pla a 1) (allergen Pla a 1.0101),,Platanus acerifolia (London plane tree),PMEI family,2003-04-11,Platanus,,Platanaceae,PF04043;,3425;572;,"ALLERGEN: Causes an allergic reaction in human. Binds to IgE of patients allergic to London plane tree pollen (PubMed:12859456, PubMed:11906336, PubMed:16179793, PubMed:17177673). Binds to IgE in 83% of the 42 patients tested (PubMed:12859456). Binds to IgE in 92% of the 12 patients tested (PubMed:11906336). Binds to IgE in 79% of the 47 Spanish patients tested (PubMed:16179793). Binds to IgE in 75% of the 26 patients tested (PubMed:17177673). Binds to IgE in 83% of the 18 patients tested allergic London plane tree pollen as well as other pollens including grass and olive (PubMed:11906336). {ECO:0000269|PubMed:11906336, ECO:0000269|PubMed:12859456, ECO:0000269|PubMed:16179793, ECO:0000269|PubMed:17177673}."
A9YUH4,PLAO1_PLAOI,reviewed,Putative invertase inhibitor (Pollen allergen Pla or 1) (Pollen allergen Pla or 1.0101) (allergen Pla or 1.0101),,Platanus orientalis (Oriental plane-tree),PMEI family,2019-09-18,Platanus,,Platanaceae,PF04043;,2772;5770;,"ALLERGEN: Causes an allergic reaction in human (Ref.1, PubMed:19173789, PubMed:19217563). Binds to IgE in 57% of the 7 patients tested allergic to oriental plane-tree pollen (Ref.1, PubMed:19217563). Binds to IgE in 21% of the 19 patients tested allergic to oriental plane-tree pollen (PubMed:19173789). {ECO:0000269|PubMed:19173789, ECO:0000269|PubMed:19217563, ECO:0000269|Ref.1}."
P85814,TPIS_PLAOI,reviewed,Triosephosphate isomerase (TIM) (EC 5.3.1.1) (Triose-phosphate isomerase) (allergen Pla o 4) (Fragments),,Platanus orientalis (Oriental plane-tree),Triosephosphate isomerase family,2008-07-01,Platanus,,Platanaceae,PF00121;,,ALLERGEN: Causes an allergic reaction in human. {ECO:0000269|Ref.1}.
P22285,MPA92_POAPR,reviewed,Pollen allergen KBG 41 (Allergen Poa p IX) (Pollen allergen Poa p 9) (allergen Poa p 9),,Poa pratensis (Kentucky bluegrass) (Phalaris japonica),Poa p IX/Phl p VI allergen family,1991-08-01,Poa (bluegrass),,Poaceae,PF01620;,581;,ALLERGEN: Causes an allergic reaction in human.
P22286,MPA93_POAPR,reviewed,Pollen allergen KBG 60 (Allergen Poa p IX) (Pollen allergen Poa p 9) (allergen Poa p 9),,Poa pratensis (Kentucky bluegrass) (Phalaris japonica),Poa p IX/Phl p VI allergen family,1991-08-01,Poa (bluegrass),,Poaceae,PF01620;,581;,ALLERGEN: Causes an allergic reaction in human.
P22284,MPA91_POAPR,reviewed,Pollen allergen KBG 31 (Allergen Poa p IX) (Pollen allergen Poa p 9) (allergen Poa p 9),,Poa pratensis (Kentucky bluegrass) (Phalaris japonica),Poa p IX/Phl p VI allergen family,1991-08-01,Poa (bluegrass),,Poaceae,PF01620;,581;,ALLERGEN: Causes an allergic reaction in human.
Q9XF39,PROF_PRUAV,reviewed,Profilin (Allergen Pru a 3) (allergen Pru av 4),,Prunus avium (Cherry) (Cerasus avium),Profilin family,2001-06-20,Prunus,,Rosaceae,PF00235;,3450;600;,ALLERGEN: Causes an allergic reaction in human. Food allergen.
Q9XF38,PROF_PYRCO,reviewed,Profilin (Allergen Pyr c 3) (allergen Pyr c 4),,Pyrus communis (Pear) (Pyrus domestica),Profilin family,2001-06-20,Pyrus (pears),,Rosaceae,PF00235;,3459;608;,ALLERGEN: Causes an allergic reaction in human. Food allergen. {ECO:0000269|PubMed:11419723}.
O81355,PYRC5_PYRCO,reviewed,Phenylcoumaran benzylic ether reductase Pyrc5 (EC 1.23.1.-) (Minor fruit allergen Pyr c 5) (allergen Pyr c 5),PYRC5,Pyrus communis (Pear) (Pyrus domestica),"NmrA-type oxidoreductase family, Isoflavone reductase subfamily",2019-05-08,Pyrus (pears),,Rosaceae,PF05368;,3460;609;,"ALLERGEN: May cause an allergic reaction in human (PubMed:11606193). Binds to IgE from patients allergic to pear fruit (PubMed:11606193). Induces histamine release from basophils of patient allergic to the pear fruit protein Pyr c 5 (PubMed:11606193). Exhibits cross-reactivity with IgE from patients allergic to other fruits, vegetables and birch pollen (PubMed:11606193). May be a minor allergen of pear fruit (PubMed:11606193). {ECO:0000269|PubMed:11606193}."
P85126,QUA1_QUEAL,reviewed,Major pollen allergen Que a 1 (allergen Que a 1) (Fragment),,Quercus alba (White oak),BetVI family,2007-05-15,Quercus,,Fagaceae,,610;,ALLERGEN: Causes an allergic reaction in human. Binds to IgE. {ECO:0000269|Ref.1}.
P58171,POLC3_SYRVU,reviewed,Polcalcin Syr v 3 (Calcium-binding pollen allergen Syr v 3) (allergen Syr v 3),SYRV3,Syringa vulgaris (Common lilac),,2001-06-20,Syringa (lilacs),,Oleaceae,PF13499;,3495;648;,ALLERGEN: Causes an allergic reaction in human.
A0A1S3THR8,PHBP_VIGRR,reviewed,Phytohormone-binding protein CSBP (Cytokinin-specific binding protein) (VrCSBP) (Major pollen allergen Bet v 1-like protein) (Pathogenesis-related PR10-like protein) (allergen Vig r 6),CSBP LOC106755646,Vigna radiata var. radiata (Mung bean) (Phaseolus aureus),BetVI family,2019-01-16,Vigna,,Fabaceae,PF00407;,10102;9728;,ALLERGEN: May cause an allergic reaction in human. {ECO:0000305|PubMed:21872913}.
P35081,PROF1_MAIZE,reviewed,Profilin-1 (Pollen allergen Zea m 12) (ZmPRO1) (allergen Zea m 12),PRO1 PRF1,Zea mays (Maize),Profilin family,1994-02-01,Zea,,Poaceae,PF00235;,3530;682;,ALLERGEN: Causes an allergic reaction in human. {ECO:0000269|Ref.3}.
P35082,PROF2_MAIZE,reviewed,Profilin-2 (Pollen allergen Zea m 12) (ZmPRO2) (allergen Zea m 12),PRO2 PRF2,Zea mays (Maize),Profilin family,1994-02-01,Zea,,Poaceae,PF00235;,3531;682;,ALLERGEN: Causes an allergic reaction in human.
O22655,PROF4_MAIZE,reviewed,Profilin-4 (Pollen allergen Zea m 12) (ZmPRO4) (allergen Zea m 12),PRO4,Zea mays (Maize),Profilin family,1998-12-15,Zea,,Poaceae,PF00235;,3538;682;,ALLERGEN: Causes an allergic reaction in human.
P35083,PROF3_MAIZE,reviewed,Profilin-3 (Pollen allergen Zea m 12) (ZmPRO3) (allergen Zea m 12),PRO3 PRF3,Zea mays (Maize),Profilin family,1994-02-01,Zea,,Poaceae,PF00235;,3532;682;,ALLERGEN: Causes an allergic reaction in human.
Q9FR39,PROF5_MAIZE,reviewed,Profilin-5 (ZmPRO5) (Double B-box zinc finger protein 11) (Pollen allergen Zea m 12) (allergen Zea m 12),PRO5 DBB11 PRF5 ZEAMMB73_Zm00001d045323,Zea mays (Maize),Profilin family,2001-06-20,Zea,,Poaceae,PF00235;,3533;682;,"ALLERGEN: Causes an allergic reaction in human (Probable). Dimerization considerably increases the IgE-mediated degranulation in rat basophilic leukemia cells (PubMed:27586352). {ECO:0000269|PubMed:27586352, ECO:0000305|PubMed:27586352}."
P58738,EXPB1_MAIZE,reviewed,Expansin-B1 (Allergen Zea m 1d) (Beta-expansin-1a) (Pollen allergen Zea m 1) (ZmEXPB1) (allergen Zea m 1),EXPB1 EXPB1A,Zea mays (Maize),"Expansin family, Expansin B subfamily",2002-03-05,Zea,,Poaceae,PF03330;PF01357;,680;,ALLERGEN: Causes an allergic reaction in human. Causes maize pollen allergy.
Q07154,EXPB9_MAIZE,reviewed,Expansin-B9 (Beta-expansin-1b) (Pollen allergen Zea m 1) (ZmEXPB9) (allergen Zea m 1),EXPB9 EXPB1B,Zea mays (Maize),"Expansin family, Expansin B subfamily",1995-02-01,Zea,,Poaceae,PF03330;PF01357;,3529;680;,ALLERGEN: Causes an allergic reaction in human. Causes maize pollen allergy.
P0C1Y5,EXB11_MAIZE,reviewed,Expansin-B11 (Beta-expansin-11) (Pollen allergen Zea m 1a) (Pollen allergen Zea m 1b) (ZmEXPB11) (allergen Zea m 1),EXPB11,Zea mays (Maize),"Expansin family, Expansin B subfamily",2006-10-03,Zea,,Poaceae,PF03330;PF01357;,680;,ALLERGEN: Causes an allergic reaction in human. Causes maize pollen allergy (By similarity). {ECO:0000250}.
A4KA58,PROF9_MAIZE,reviewed,Profilin-9 (Pollen allergen Zea m 12) (Pollen profilin variant 4) (allergen Zea m 12),,Zea mays (Maize),Profilin family,2014-01-22,Zea,,Poaceae,PF00235;,682;,ALLERGEN: Causes an allergic reaction in human.
A4KA56,PROF7_MAIZE,reviewed,Profilin-7 (Pollen allergen Zea m 12) (Pollen profilin variant 2) (allergen Zea m 12),,Zea mays (Maize),Profilin family,2014-01-22,Zea,,Poaceae,PF00235;,682;,ALLERGEN: Causes an allergic reaction in human.
A4KA59,PRO10_MAIZE,reviewed,Profilin-10 (Pollen allergen Zea m 12) (Pollen profilin variant 5) (allergen Zea m 12),,Zea mays (Maize),Profilin family,2014-01-22,Zea,,Poaceae,PF00235;,682;,ALLERGEN: Causes an allergic reaction in human.
A4KA57,PROF8_MAIZE,reviewed,Profilin-8 (Pollen allergen Zea m 12) (Pollen profilin variant 3) (allergen Zea m 12),,Zea mays (Maize),Profilin family,2014-01-22,Zea,,Poaceae,PF00235;,682;,ALLERGEN: Causes an allergic reaction in human.
A4KA55,PROF6_MAIZE,reviewed,Profilin-6 (Pollen allergen Zea m 12) (Pollen profilin variant 1) (allergen Zea m 12),,Zea mays (Maize),Profilin family,2014-01-22,Zea,,Poaceae,PF00235;,682;,ALLERGEN: Causes an allergic reaction in human.
A4KA60,PRO11_MAIZE,reviewed,Profilin-11 (Pollen allergen Zea m 12) (Pollen profilin variant 6) (allergen Zea m 12),,Zea mays (Maize),Profilin family,2014-01-22,Zea,,Poaceae,PF00235;,682;,ALLERGEN: Causes an allergic reaction in human.
A4KA61,PRO12_MAIZE,reviewed,Profilin-12 (Pollen allergen Zea m 12) (Pollen profilin variant 7) (allergen Zea m 12),,Zea mays (Maize),Profilin family,2014-01-22,Zea,,Poaceae,PF00235;,682;,ALLERGEN: Causes an allergic reaction in human.
Q1ZYQ8,EXB10_MAIZE,reviewed,Expansin-B10 (Beta-expansin-10) (Pollen allergen Zea m 1c) (ZmEXPB10) (allergen Zea m 1),EXPB10,Zea mays (Maize),"Expansin family, Expansin B subfamily",2006-10-03,Zea,,Poaceae,PF03330;PF01357;,680;,ALLERGEN: Causes an allergic reaction in human. Causes maize pollen allergy (By similarity). {ECO:0000250}.