"","Allergen.simple","Allergen.Family","Databases","Ref.manual","Mol.alt","Types","Matched.names","Species.in.data","Accepted.names.in.data","Matches.with.database"
"Amb_a_1","Amb_a_1","AF073: Pectate lyase","IUISallergens;SDAPallergen;AllergenOnline;AllergomeData","NA","Amb a 1;Amb a 1.0101","Airway;weed Asterales;Aero Plant;NA","Ambrosia_artemisiifolia;Ambrosia_artemisiifolia;_Ambrosia_elatior;_Asteraceae;_Mugwort/Ragweed-related_Species;_Plants;_Short_Ragweed","Ambrosia_coronopifolia","Ambrosia_coronopifolia","3"
"Amb_a_10","Amb_a_10","AF007: EF hand family","IUISallergens;SDAPallergen;AllergenOnline;AllergomeData","NA","Amb a 10;Amb a 10.0101","Airway;weed Asterales;Aero Plant;NA","Ambrosia_artemisiifolia;Ambrosia_artemisiifolia;_Ambrosia_elatior;_Asteraceae;_Mugwort/Ragweed-related_Species;_Plants;_Short_Ragweed","Ambrosia_coronopifolia","Ambrosia_coronopifolia","3"
"Amb_a_11","Amb_a_11","AF030: Papain-like cysteine protease","IUISallergens;AllergenOnline;AllergomeData","NA","Amb a 11;Amb a 11.0101","Airway;Aero Plant;NA","Ambrosia_artemisiifolia;Ambrosia_artemisiifolia;_Ambrosia_elatior;_Asteraceae;_Mugwort/Ragweed-related_Species;_Plants;_Short_Ragweed","Ambrosia_coronopifolia","Ambrosia_coronopifolia","3"
"Amb_a_12","Amb_a_12","AF031: Enolase","IUISallergens;AllergomeData","IUIS","Amb a 12","Airway;NA","Ambrosia_artemisiifolia;Ambrosia_artemisiifolia;_Ambrosia_elatior;_Asteraceae;_Mugwort/Ragweed-related_Species;_Plants;_Short_Ragweed","Ambrosia_coronopifolia","Ambrosia_coronopifolia","3"
"Amb_a_2","Amb_a_2","AF112: Plastocyanin","IUISallergens;SDAPallergen","AllFam","Amb a 2","Airway;weed Asterales","Ambrosia_artemisiifolia","Ambrosia_coronopifolia","Ambrosia_coronopifolia","3"
"Amb_a_3","Amb_a_3","AF112: Plastocyanin","IUISallergens;SDAPallergen;AllergenOnline;AllergomeData","NA","Amb a 3;Amb a 3.0101","Airway;weed Asterales;Aero Plant;NA","Ambrosia_artemisiifolia;Ambrosia_artemisiifolia_(elatior);Ambrosia_artemisiifolia;_Ambrosia_elatior;_Asteraceae;_Mugwort/Ragweed-related_Species;_Plants;_Short_Ragweed","Ambrosia_coronopifolia","Ambrosia_coronopifolia","3"
"Amb_a_4","Amb_a_4","AF059: Plant defensin","IUISallergens;SDAPallergen;AllergenOnline;AllergomeData","NA","Amb a 4;Amb a 4.0101","Airway;weed Asterales;Aero Plant;NA","Ambrosia_artemisiifolia;Ambrosia_artemisiifolia;_Ambrosia_elatior;_Asteraceae;_Mugwort/Ragweed-related_Species;_Plants;_Short_Ragweed","Ambrosia_coronopifolia","Ambrosia_coronopifolia","3"
"Amb_a_5","Amb_a_5","AF118: Group 5 ragweed allergen","IUISallergens;SDAPallergen;AllergomeData","NA","Amb a 5","Airway;weed Asterales;NA","Ambrosia_artemisiifolia;Ambrosia_artemisiifolia;_Ambrosia_elatior;_Asteraceae;_Mugwort/Ragweed-related_Species;_Plants;_Short_Ragweed","Ambrosia_coronopifolia","Ambrosia_coronopifolia","3"
"Amb_a_6","Amb_a_6","AF050: Prolamin superfamily","IUISallergens;SDAPallergen;AllergenOnline;AllergomeData","NA","Amb a 6;Amb a 6.0101","Airway;weed Asterales;Aero Plant;NA","Ambrosia_artemisiifolia;Ambrosia_artemisiifolia;_Ambrosia_elatior;_Asteraceae;_Mugwort/Ragweed-related_Species;_Plants;_Short_Ragweed","Ambrosia_coronopifolia","Ambrosia_coronopifolia","3"
"Amb_a_7","Amb_a_7","AF112: Plastocyanin","IUISallergens;SDAPallergen;AllergomeData","IUIS","Amb a 7","Airway;weed Asterales;NA","Ambrosia_artemisiifolia;Ambrosia_artemisiifolia;_Ambrosia_elatior;_Asteraceae;_Mugwort/Ragweed-related_Species;_Plants;_Short_Ragweed","Ambrosia_coronopifolia","Ambrosia_coronopifolia","3"
"Amb_a_8","Amb_a_8","AF051: Profilin","IUISallergens;SDAPallergen;AllergenOnline;AllergomeData","NA","Amb a 8;Amb a 8.0101","Airway;weed Asterales;Aero Plant;NA","Ambrosia_artemisiifolia;Ambrosia_artemisiifolia;_Ambrosia_elatior;_Asteraceae;_Mugwort/Ragweed-related_Species;_Plants;_Short_Ragweed","Ambrosia_coronopifolia","Ambrosia_coronopifolia","3"
"Amb_a_9","Amb_a_9","AF007: EF hand family","IUISallergens;SDAPallergen;AllergenOnline;AllergomeData","NA","Amb a 9;Amb a 9.0101","Airway;weed Asterales;Aero Plant;NA","Ambrosia_artemisiifolia;Ambrosia_artemisiifolia;_Ambrosia_elatior;_Asteraceae;_Mugwort/Ragweed-related_Species;_Plants;_Short_Ragweed","Ambrosia_coronopifolia","Ambrosia_coronopifolia","3"
"Amb_a_CPI","Amb_a_CPI","AF005: Cystatin","AllergomeData","AllFam, Allergome","Amb a CPI","NA","Ambrosia_artemisiifolia;_Ambrosia_elatior;_Asteraceae;_Mugwort/Ragweed-related_Species;_Plants;_Short_Ragweed","Ambrosia_coronopifolia","Ambrosia_coronopifolia","3"
"Amb_p_1","Amb_p_1","AF073: Pectate lyase","AllergomeData","NA","Amb p 1","NA","Ambrosia_psilostachya;_Asteraceae;_Mugwort/Ragweed-related_Species;_Plants;_Western_Ragweed","Ambrosia_coronopifolia","Ambrosia_coronopifolia","1"
"Amb_p_5","Amb_p_5","AF118: Group 5 ragweed allergen","AllergenOnline;IUISallergens;SDAPallergen;AllergomeData","NA","Amb p 5","Aero Plant;Airway;weed Asterales;NA","Ambrosia_artemisiifolia_(elatior);Ambrosia_psilostachya;Ambrosia_psilostachya;_Asteraceae;_Mugwort/Ragweed-related_Species;_Plants;_Western_Ragweed","Ambrosia_coronopifolia","Ambrosia_coronopifolia","3;1"
"Amb_t_5","Amb_t_5","AF118: Group 5 ragweed allergen","IUISallergens;SDAPallergen;AllergenOnline;AllergomeData","NA","Amb t 5;Amb t 5.0101","Airway;weed Asterales;Aero Plant;NA","Ambrosia_trifida;Ambrosia_trifida;_Asteraceae;_Giant_Ragweed;_Mugwort/Ragweed-related_Species;_Plants","Ambrosia_coronopifolia","Ambrosia_coronopifolia","3"
"Amb_t_8","Amb_t_8","AF051: Profilin","AllergomeData","NA","Amb t 8","NA","Ambrosia_trifida;_Asteraceae;_Giant_Ragweed;_Mugwort/Ragweed-related_Species;_Plants","Ambrosia_coronopifolia","Ambrosia_coronopifolia","3"
"Ant_o_13","Ant_o_13","AF057: Polygalacturonase","AllergomeData","NA","Ant o 13","NA","Anthoxanthum_odoratum;_Grasses;_Plants;_Poaceae;_Sweet_Vernal","Anthoxanthum_odoratum","Anthoxanthum_odoratum","1"
"Ant_o_2","Ant_o_2","AF093: Expansin and expansin-like","AllergomeData","NA","Ant o 2","NA","Anthoxanthum_odoratum;_Grasses;_Plants;_Poaceae;_Sweet_Vernal","Anthoxanthum_odoratum","Anthoxanthum_odoratum","1"
"Ant_o_6","Ant_o_6","AF102: Group 5/6 grass pollen allergen","AllergomeData","NA","Ant o 6","NA","Anthoxanthum_odoratum;_Grasses;_Plants;_Poaceae;_Sweet_Vernal","Anthoxanthum_odoratum","Anthoxanthum_odoratum","1"
"Ara_t_3","Ara_t_3","AF050: Prolamin superfamily","AllergomeData","http://www.allergome.org/script/dettaglio.php?id_molecule=1085","Ara t 3","NA","Arabidopsis_thaliana;_Brassicaceae;_Mouse-ear_Cress;_Plants;_Thale_Cress","Arabidopsis_arenosa_subsp._arenosa;Arabidopsis_thaliana","Arabidopsis_arenosa_subsp._arenosa;Arabidopsis_thaliana","3;1"
"Ara_t_8","Ara_t_8","AF051: Profilin","SDAPallergen;AllergomeData","http://www.allergome.org/script/dettaglio.php?id_molecule=840","Ara t 8","plant  ;NA","Arabidopsis_thaliana;Arabidopsis_thaliana;_Brassicaceae;_Mouse-ear_Cress;_Plants;_Thale_Cress","Arabidopsis_arenosa_subsp._arenosa;Arabidopsis_thaliana","Arabidopsis_arenosa_subsp._arenosa;Arabidopsis_thaliana","3;1"
"Ara_t_expansin","Ara_t_expansin","AF093: Expansin and expansin-like","SDAPallergen","https://fermi.utmb.edu/cgi-bin/SDAP/sdap_01","Ara t expansin","plant  ","Arabidopsis_thaliana","Arabidopsis_arenosa_subsp._arenosa;Arabidopsis_thaliana","Arabidopsis_arenosa_subsp._arenosa;Arabidopsis_thaliana","3;1"
"Ara_t_GLP","Ara_t_GLP","AF045: Cupin","AllergomeData","http://www.allergome.org/script/dettaglio.php?id_molecule=779","Ara t GLP","NA","Arabidopsis_thaliana;_Brassicaceae;_Mouse-ear_Cress;_Plants;_Thale_Cress","Arabidopsis_arenosa_subsp._arenosa;Arabidopsis_thaliana","Arabidopsis_arenosa_subsp._arenosa;Arabidopsis_thaliana","3;1"
"Art_ab_1","Art_ab_1","AF059: Plant defensin","AllergomeData;IUISallergens","NA","Art ab 1","NA;Airway","Absinthe;_Absinthe_Wormwood;_Absinthium;_Artemisia_absinthium;_Asteraceae;_Common_Wormwood;_Mugwort;_Mugwort/Ragweed-related_Species;_Plants;Artemisia_absinthium","Artemisia_campestris;Artemisia_vulgaris","Artemisia_campestris;Artemisia_vulgaris","3"
"Art_an_1","Art_an_1","AF059: Plant defensin","AllergomeData;IUISallergens","NA","Art an 1","NA;Airway","Annual_Wormwood;_Artemisia_annua;_Asteraceae;_Chinese_Wormwood;_Mugwort/Ragweed-related_Species;_Plants;_Sweet_Annie;_Sweet_Sagewort;_Sweet_Wormwood;Artemisia_annua","Artemisia_campestris;Artemisia_vulgaris","Artemisia_campestris;Artemisia_vulgaris","3"
"Art_an_3","Art_an_3","AF050: Prolamin superfamily","AllergomeData","NA","Art an 3","NA","Annual_Wormwood;_Artemisia_annua;_Asteraceae;_Chinese_Wormwood;_Mugwort/Ragweed-related_Species;_Plants;_Sweet_Annie;_Sweet_Sagewort;_Sweet_Wormwood","Artemisia_campestris;Artemisia_vulgaris","Artemisia_campestris;Artemisia_vulgaris","3"
"Art_an_7","Art_an_7","Putative Galactose Oxidase","AllergomeData;IUISallergens;AllergenOnline","IUIS","Art an 7","NA;Airway;Unassigned","Annual_Wormwood;_Artemisia_annua;_Asteraceae;_Chinese_Wormwood;_Mugwort/Ragweed-related_Species;_Plants;_Sweet_Annie;_Sweet_Sagewort;_Sweet_Wormwood;Artemisia_annua;Artemisia_argyi;Artemisia_capillaris;Artemisia_gmelinii;Artemisia_lavandulifolia;Artemisia_sieversiana;Artemisia_vulgaris","Artemisia_campestris;Artemisia_vulgaris","Artemisia_campestris;Artemisia_vulgaris","3;1"
"Art_ap_1","Art_ap_1","AF059: Plant defensin","AllergomeData","NA","Art ap 1","NA","Artemisia;_Artemisia_apiacea;_Asteraceae;_Mugwort/Ragweed-related_Species;_Plants","Artemisia_campestris;Artemisia_vulgaris","Artemisia_campestris;Artemisia_vulgaris","3"
"Art_ar_1","Art_ar_1","AF059: Plant defensin","AllergomeData","NA","Art ar 1","NA","Artemisia_argyi;_Asteraceae;_Chinese_Mugwort;_Mugwort/Ragweed-related_Species;_Plants;_Silvery_Wormwood","Artemisia_campestris;Artemisia_vulgaris","Artemisia_campestris;Artemisia_vulgaris","3"
"Art_ar_2","Art_ar_2","AF044: CAP family","IUISallergens;AllergomeData","NA","Art ar 2","Airway;NA","Artemisia_argyi;Artemisia_argyi;_Asteraceae;_Chinese_Mugwort;_Mugwort/Ragweed-related_Species;_Plants;_Silvery_Wormwood","Artemisia_campestris;Artemisia_vulgaris","Artemisia_campestris;Artemisia_vulgaris","3"
"Art_ar_3","Art_ar_3","AF050: Prolamin superfamily","AllergomeData","NA","Art ar 3","NA","Artemisia_argyi;_Asteraceae;_Chinese_Mugwort;_Mugwort/Ragweed-related_Species;_Plants;_Silvery_Wormwood","Artemisia_campestris;Artemisia_vulgaris","Artemisia_campestris;Artemisia_vulgaris","3"
"Art_c_1","Art_c_1","AF059: Plant defensin","IUISallergens;AllergomeData","NA","Art c 1","Airway;NA","Artemisia_californica;Artemisia_californica;_Asteraceae;_California_Sagebrush;_Mugwort/Ragweed-related_Species;_Plants","Artemisia_campestris;Artemisia_vulgaris","Artemisia_campestris;Artemisia_vulgaris","3"
"Art_ca_1","Art_ca_1","AF059: Plant defensin","AllergomeData","NA","Art ca 1","NA","Artemisia;_Artemisia_capillaris;_Asteraceae;_Mugwort/Ragweed-related_Species;_Plants","Artemisia_campestris;Artemisia_vulgaris","Artemisia_campestris;Artemisia_vulgaris","3"
"Art_ca_3","Art_ca_3","AF050: Prolamin superfamily","AllergomeData","NA","Art ca 3","NA","Artemisia;_Artemisia_capillaris;_Asteraceae;_Mugwort/Ragweed-related_Species;_Plants","Artemisia_campestris;Artemisia_vulgaris","Artemisia_campestris;Artemisia_vulgaris","3"
"Art_f_1","Art_f_1","AF059: Plant defensin","AllergomeData;IUISallergens","NA","Art f 1","NA;Airway","Arctic_Sagebrush;_Artemisia_frigida;_Asteraceae;_Fringed_Sagewort;_Fringed_Wormwood;_Mugwort/Ragweed-related_Species;_Plants;_Prairie_Sagewort;Artemisia_frigida","Artemisia_campestris;Artemisia_vulgaris","Artemisia_campestris;Artemisia_vulgaris","3"
"Art_gm_1","Art_gm_1","AF059: Plant defensin","AllergomeData","NA","Art gm 1","NA","Artemisia_gmelinii;_Artemisia_sacrorum;_Asteraceae;_Gmelin_wormwood;_Mugwort/Ragweed-related_Species;_Plants","Artemisia_campestris;Artemisia_vulgaris","Artemisia_campestris;Artemisia_vulgaris","3"
"Art_l_1","Art_l_1","AF059: Plant defensin","IUISallergens;AllergomeData","NA","Art l 1","Airway;NA","Artemisia_ludoviciana;Artemisia_ludoviciana;_Asteraceae;_Cudweed_Sagewort;_Gray_Sagewort;_Louisiana_Sagewort;_Louisiana_Wormwood;_Mugwort_Wormwood;_Mugwort/Ragweed-related_Species;_Plants;_Prairie_Sage;_Silver_Wormwood;_White_Sage;_White_Sagebrush","Artemisia_campestris;Artemisia_vulgaris","Artemisia_campestris;Artemisia_vulgaris","3"
"Art_la_1","Art_la_1","AF059: Plant defensin","AllergomeData","NA","Art la 1","NA","Artemisia;_Artemisia_lavandulifolia;_Asteraceae;_Mugwort/Ragweed-related_Species;_Plants","Artemisia_campestris;Artemisia_vulgaris","Artemisia_campestris;Artemisia_vulgaris","3"
"Art_la_3","Art_la_3","AF050: Prolamin superfamily","AllergomeData","NA","Art la 3","NA","Artemisia;_Artemisia_lavandulifolia;_Asteraceae;_Mugwort/Ragweed-related_Species;_Plants","Artemisia_campestris;Artemisia_vulgaris","Artemisia_campestris;Artemisia_vulgaris","3"
"Art_si_1","Art_si_1","AF059: Plant defensin","AllergomeData","NA","Art si 1","NA","Artemisia_sieversiana;_Asteraceae;_Mugwort;_Mugwort/Ragweed-related_Species;_Plants","Artemisia_campestris;Artemisia_vulgaris","Artemisia_campestris;Artemisia_vulgaris","3"
"Art_si_3","Art_si_3","AF050: Prolamin superfamily","AllergomeData","NA","Art si 3","NA","Artemisia_sieversiana;_Asteraceae;_Mugwort;_Mugwort/Ragweed-related_Species;_Plants","Artemisia_campestris;Artemisia_vulgaris","Artemisia_campestris;Artemisia_vulgaris","3"
"Art_t_1","Art_t_1","AF059: Plant defensin","IUISallergens;AllergomeData","NA","Art t 1","Airway;NA","Artemisia_tridentata;Artemisia_tridentata;_Asteraceae;_Basin_Sagebrush;_Black_Sage;_Blue_Sage;_Mountain_Big_Sagebrush;_Mugwort/Ragweed-related_Species;_Plants","Artemisia_campestris;Artemisia_vulgaris","Artemisia_campestris;Artemisia_vulgaris","3"
"Art_v_1","Art_v_1","AF059: Plant defensin","AllergenOnline;IUISallergens;SDAPallergen;AllergomeData;cross reactivity with Artemisia vulgaris in Yong et al. 2007","NA","Art v 1","Unassigned;Aero Plant;Airway;weed Asterales;NA","Artemisia_absinthium;Artemisia_annua;Artemisia_ludoviciana;Artemisia_tridentata;Artemisia_vulgaris;Artemisia_vulgaris;_Asteraceae;_English_Mugwort;_Mugwort/Ragweed-related_Species;_Plants","Artemisia_campestris;Artemisia_vulgaris;Taraxacum_sect._Erythrosperma;Taraxacum_sect._Ruderalia","Artemisia_campestris;Artemisia_vulgaris;Taraxacum_sect._Erythrosperma;Taraxacum_sect._Ruderalia","3;1;4"
"Art_v_2","Art_v_2","AF044: CAP family","IUISallergens;SDAPallergen;AllergenOnline;AllergomeData","NA","Art v 2;Art v 2.0101","Airway;weed Asterales;Aero Plant;NA","Artemisia_vulgaris;Artemisia_vulgaris;_Asteraceae;_English_Mugwort;_Mugwort/Ragweed-related_Species;_Plants","Artemisia_campestris;Artemisia_vulgaris","Artemisia_campestris;Artemisia_vulgaris","3;1"
"Art_v_3","Art_v_3","AF050: Prolamin superfamily","AllergenOnline;IUISallergens;SDAPallergen;AllergomeData","NA","Art v 3","Aero Plant;Airway;weed Asterales;NA","Artemisia_vulgaris;Artemisia_vulgaris;_Asteraceae;_English_Mugwort;_Mugwort/Ragweed-related_Species;_Plants","Artemisia_campestris;Artemisia_vulgaris","Artemisia_campestris;Artemisia_vulgaris","3;1"
"Art_v_4","Art_v_4","AF051: Profilin","AllergenOnline;IUISallergens;SDAPallergen;AllergomeData;cross reactivity with Artemisia vulgaris in Yong et al. 2007","NA","Art v 4","Aero Plant;Airway;weed Asterales;NA","Artemisia_vulgaris;Artemisia_vulgaris;_Asteraceae;_English_Mugwort;_Mugwort/Ragweed-related_Species;_Plants","Artemisia_campestris;Artemisia_vulgaris;Taraxacum_sect._Erythrosperma;Taraxacum_sect._Ruderalia","Artemisia_campestris;Artemisia_vulgaris;Taraxacum_sect._Erythrosperma;Taraxacum_sect._Ruderalia","3;1;4"
"Art_v_5","Art_v_5","AF007: EF hand family","IUISallergens;SDAPallergen;AllergenOnline;AllergomeData","NA","Art v 5;Art v 5.0101","Airway;weed Asterales;Aero Plant;NA","Artemisia_vulgaris;Artemisia_vulgaris;_Asteraceae;_English_Mugwort;_Mugwort/Ragweed-related_Species;_Plants","Artemisia_campestris;Artemisia_vulgaris","Artemisia_campestris;Artemisia_vulgaris","3;1"
"Art_v_6","Art_v_6","AF073: Pectate lyase","IUISallergens;SDAPallergen;AllergenOnline;AllergomeData;cross reactivity with Artemisia vulgaris in Yong et al. 2007","NA","Art v 6;Art v 6.0101","Airway;weed Asterales;Aero Plant;NA","Artemisia_vulgaris;Artemisia_vulgaris;_Asteraceae;_English_Mugwort;_Mugwort/Ragweed-related_Species;_Plants","Artemisia_campestris;Artemisia_vulgaris;Taraxacum_sect._Erythrosperma;Taraxacum_sect._Ruderalia","Artemisia_campestris;Artemisia_vulgaris;Taraxacum_sect._Erythrosperma;Taraxacum_sect._Ruderalia","3;1;4"
"Art_v_TLP","Art_v_TLP","AF060: Thaumatin-like protein","AllergomeData","Allergome","Art v TLP","NA","Artemisia_vulgaris;_Asteraceae;_English_Mugwort;_Mugwort/Ragweed-related_Species;_Plants","Artemisia_campestris;Artemisia_vulgaris","Artemisia_campestris;Artemisia_vulgaris","3;1"
"Bra_di_11","Bra_di_11","AF087: Ole e 1 family","AllergomeData","NA","Bra di 11","NA","Agropyron_distachyo;_Brachypodium_distachyon;_Brachypodium_distachyum;_Bromus_geniculatus;_Festuca_distachya;_Grasses;_Plants;_Poaceae;_Purple_False_Brome;_Trachynia_distachya;_Zerna_distachya","Bromus_hordeaceus;Bromus_inermis;Bromus_sterilis;Bromus_tectorum;Festuca_arundinacea;Festuca_brevipila;Festuca_ovina;Festuca_pratensis;Festuca_rubra_agg.","Bromus_hordeaceus;Bromus_inermis;Bromus_sterilis;Bromus_tectorum;Festuca_arundinacea;Festuca_brevipila;Festuca_ovina;Festuca_pratensis;Festuca_rubra_agg.","3"
"Bra_di_13","Bra_di_13","AF057: Polygalacturonase","AllergomeData","NA","Bra di 13","NA","Agropyron_distachyo;_Brachypodium_distachyon;_Brachypodium_distachyum;_Bromus_geniculatus;_Festuca_distachya;_Grasses;_Plants;_Poaceae;_Purple_False_Brome;_Trachynia_distachya;_Zerna_distachya","Bromus_hordeaceus;Bromus_inermis;Bromus_sterilis;Bromus_tectorum;Festuca_arundinacea;Festuca_brevipila;Festuca_ovina;Festuca_pratensis;Festuca_rubra_agg.","Bromus_hordeaceus;Bromus_inermis;Bromus_sterilis;Bromus_tectorum;Festuca_arundinacea;Festuca_brevipila;Festuca_ovina;Festuca_pratensis;Festuca_rubra_agg.","3"
"Bra_di_2","Bra_di_2","AF093: Expansin and expansin-like","AllergomeData","NA","Bra di 2","NA","Agropyron_distachyo;_Brachypodium_distachyon;_Brachypodium_distachyum;_Bromus_geniculatus;_Festuca_distachya;_Grasses;_Plants;_Poaceae;_Purple_False_Brome;_Trachynia_distachya;_Zerna_distachya","Bromus_hordeaceus;Bromus_inermis;Bromus_sterilis;Bromus_tectorum;Festuca_arundinacea;Festuca_brevipila;Festuca_ovina;Festuca_pratensis;Festuca_rubra_agg.","Bromus_hordeaceus;Bromus_inermis;Bromus_sterilis;Bromus_tectorum;Festuca_arundinacea;Festuca_brevipila;Festuca_ovina;Festuca_pratensis;Festuca_rubra_agg.","3"
"Bro_1","Bro_1","AF093: Expansin and expansin-like","AllergomeData","NA","Bra di 1;Bra sy 1;Fes e 1;Bro a 1;Bro i 1","NA","Agropyron_distachyo;_Brachypodium_distachyon;_Brachypodium_distachyum;_Bromus_geniculatus;_Festuca_distachya;_Grasses;_Plants;_Poaceae;_Purple_False_Brome;_Trachynia_distachya;_Zerna_distachya;Agropyron_sylvaticum;_Brachypodium_gracile_f._pubescens;_Brachypodium_miserum;_Brachypodium_pubescens;_Brachypodium_sylvaticum;_Brachypodium_watti;_Brevipodium_sylvaticum;_Bromus_dumosus;_Bromus_sylvaticus;_Festuca_sylvatica;_Grasses;_Plants;_Poaceae;_Slender_False_Brome;_Triticum_sylvaticum;_Wood_False_Brome;Avena_secunda;_Bromus_arundinaceus;_Bromus_elatior;_Bucetum_elatius;_Festuca_arundinacea;_Festuca_elatior;_Festuca_fenas;_Festuca_mediterranea;_Festuca_orientalis;_Festuca_phoenix;_Gnomonia_elatior;_Grasses;_Lolium_arundinaceum;_Plants;_Poa_elatior;_Poa_kunthii;_Poa_phoenix;_Poa_uliginosa;_Poaceae;_Reed_Fescue;_Schedonorus_arundinaceus;_Schedonorus_elatior;_Schedonorus_phoenix;_Tragus_elatior;Bromus_arvensis;_Field_Brome;_Grasses;_Plants;_Poaceae;Bromus_inermis;_Grasses;_Plants;_Poaceae;_Smooth_Brome_Grass","Bromus_hordeaceus;Bromus_inermis;Bromus_sterilis;Bromus_tectorum","Bromus_hordeaceus;Bromus_inermis;Bromus_sterilis;Bromus_tectorum","1b"
"Bro_12","Bro_12","AF051: Profilin","AllergomeData","NA","Bra di 12","NA","Agropyron_distachyo;_Brachypodium_distachyon;_Brachypodium_distachyum;_Bromus_geniculatus;_Festuca_distachya;_Grasses;_Plants;_Poaceae;_Purple_False_Brome;_Trachynia_distachya;_Zerna_distachya","Bromus_hordeaceus;Bromus_inermis;Bromus_sterilis;Bromus_tectorum","Bromus_hordeaceus;Bromus_inermis;Bromus_sterilis;Bromus_tectorum","1b"
"Bro_4","Bro_4","AF099: Berberine bridge enzyme","AllergomeData","NA","Bra di 4;Fes e 4;Bro a 4","NA","Agropyron_distachyo;_Brachypodium_distachyon;_Brachypodium_distachyum;_Bromus_geniculatus;_Festuca_distachya;_Grasses;_Plants;_Poaceae;_Purple_False_Brome;_Trachynia_distachya;_Zerna_distachya;Avena_secunda;_Bromus_arundinaceus;_Bromus_elatior;_Bucetum_elatius;_Festuca_arundinacea;_Festuca_elatior;_Festuca_fenas;_Festuca_mediterranea;_Festuca_orientalis;_Festuca_phoenix;_Gnomonia_elatior;_Grasses;_Lolium_arundinaceum;_Plants;_Poa_elatior;_Poa_kunthii;_Poa_phoenix;_Poa_uliginosa;_Poaceae;_Reed_Fescue;_Schedonorus_arundinaceus;_Schedonorus_elatior;_Schedonorus_phoenix;_Tragus_elatior;Bromus_arvensis;_Field_Brome;_Grasses;_Plants;_Poaceae","Bromus_hordeaceus;Bromus_inermis;Bromus_sterilis;Bromus_tectorum","Bromus_hordeaceus;Bromus_inermis;Bromus_sterilis;Bromus_tectorum","1b"
"Bro_5","Bro_5","AF102: Group 5/6 grass pollen allergen","AllergomeData","NA","Bra di 5;Fes e 5;Bro i 5","NA","Agropyron_distachyo;_Brachypodium_distachyon;_Brachypodium_distachyum;_Bromus_geniculatus;_Festuca_distachya;_Grasses;_Plants;_Poaceae;_Purple_False_Brome;_Trachynia_distachya;_Zerna_distachya;Avena_secunda;_Bromus_arundinaceus;_Bromus_elatior;_Bucetum_elatius;_Festuca_arundinacea;_Festuca_elatior;_Festuca_fenas;_Festuca_mediterranea;_Festuca_orientalis;_Festuca_phoenix;_Gnomonia_elatior;_Grasses;_Lolium_arundinaceum;_Plants;_Poa_elatior;_Poa_kunthii;_Poa_phoenix;_Poa_uliginosa;_Poaceae;_Reed_Fescue;_Schedonorus_arundinaceus;_Schedonorus_elatior;_Schedonorus_phoenix;_Tragus_elatior;Bromus_inermis;_Grasses;_Plants;_Poaceae;_Smooth_Brome_Grass","Bromus_hordeaceus;Bromus_inermis;Bromus_sterilis;Bromus_tectorum","Bromus_hordeaceus;Bromus_inermis;Bromus_sterilis;Bromus_tectorum","1b"
"Bro_7","Bro_7","AF007: EF hand family","AllergomeData","NA","Bra di 7;Fes e 7;Bro i 7","NA","Agropyron_distachyo;_Brachypodium_distachyon;_Brachypodium_distachyum;_Bromus_geniculatus;_Festuca_distachya;_Grasses;_Plants;_Poaceae;_Purple_False_Brome;_Trachynia_distachya;_Zerna_distachya;Avena_secunda;_Bromus_arundinaceus;_Bromus_elatior;_Bucetum_elatius;_Festuca_arundinacea;_Festuca_elatior;_Festuca_fenas;_Festuca_mediterranea;_Festuca_orientalis;_Festuca_phoenix;_Gnomonia_elatior;_Grasses;_Lolium_arundinaceum;_Plants;_Poa_elatior;_Poa_kunthii;_Poa_phoenix;_Poa_uliginosa;_Poaceae;_Reed_Fescue;_Schedonorus_arundinaceus;_Schedonorus_elatior;_Schedonorus_phoenix;_Tragus_elatior;Bromus_inermis;_Grasses;_Plants;_Poaceae;_Smooth_Brome_Grass","Bromus_hordeaceus;Bromus_inermis;Bromus_sterilis;Bromus_tectorum","Bromus_hordeaceus;Bromus_inermis;Bromus_sterilis;Bromus_tectorum","1b"
"Che_a_1","Che_a_1","AF087: Ole e 1 family","AllergomeData;IUISallergens;SDAPallergen;AllergenOnline","NA","Che a 1;Che a 1.0101","NA;Airway;weed Caryophyllales;Aero Plant","Amaranthaceae;_Chenopodium_album;_Goosefoot;_Lamb's-quarters;_Plants;Chenopodium_album","Chenopodium_album","Chenopodium_album","1"
"Che_a_2","Che_a_2","AF051: Profilin","AllergomeData;AllergenOnline;IUISallergens;SDAPallergen","NA","Che a 2","NA;Aero Plant;Airway;weed Caryophyllales","Amaranthaceae;_Chenopodium_album;_Goosefoot;_Lamb's-quarters;_Plants;Chenopodium_album","Chenopodium_album","Chenopodium_album","1"
"Che_a_3","Che_a_3","AF007: EF hand family","AllergomeData;IUISallergens;SDAPallergen;AllergenOnline","NA","Che a 3;Che a 3.0101","NA;Airway;weed Caryophyllales;Aero Plant","Amaranthaceae;_Chenopodium_album;_Goosefoot;_Lamb's-quarters;_Plants;Chenopodium_album","Chenopodium_album","Chenopodium_album","1"
"Dac_g_13","Dac_g_13","AF057: Polygalacturonase","AllergomeData","NA","Dac g 13","NA","Cocksfoot_Grass;_Dactylis_glomerata;_Grasses;_Orchard_Grass;_Plants;_Poaceae","Dactylis_glomerata","Dactylis_glomerata","1"
"Dac_g_2","Dac_g_2","AF093: Expansin and expansin-like","AllergomeData;AllergenOnline;IUISallergens;SDAPallergen","NA","Dac g 2","NA;Aero Plant;Airway;grass Poales","Cocksfoot_Grass;_Dactylis_glomerata;_Grasses;_Orchard_Grass;_Plants;_Poaceae;Dactylis_glomerata","Dactylis_glomerata","Dactylis_glomerata","1"
"Dac_g_3","Dac_g_3","AF093: Expansin and expansin-like","AllergomeData;IUISallergens;SDAPallergen;AllergenOnline","NA","Dac g 3;Dac g 3.0101","NA;Airway;grass Poales;Aero Plant","Cocksfoot_Grass;_Dactylis_glomerata;_Grasses;_Orchard_Grass;_Plants;_Poaceae;Dactylis_glomerata","Dactylis_glomerata","Dactylis_glomerata","1"
"Dan_1","Dan_1","AF093: Expansin and expansin-like","allergen added based on Grass taxonomy","NA","NA","NA","NA","Danthonia_decumbens","Danthonia_decumbens","1b"
"Dan_12","Dan_12","AF051: Profilin","allergen added based on Grass taxonomy","NA","NA","NA","NA","Danthonia_decumbens","Danthonia_decumbens","1b"
"Dan_4","Dan_4","AF099: Berberine bridge enzyme","allergen added based on Grass taxonomy","NA","NA","NA","NA","Danthonia_decumbens","Danthonia_decumbens","1b"
"Dan_7","Dan_7","AF007: EF hand family","allergen added based on Grass taxonomy","NA","NA","NA","NA","Danthonia_decumbens","Danthonia_decumbens","1b"
"Ech_p_Cytochrome_C","Ech_p_Cytochrome_C","AF006: Cytochrome c","AllergomeData","Allergome","Ech p Cytochrome C","NA","Boraginaceae;_Echium_lycopsis;_Echium_plantagineum;_Paterson's_Curse;_Plants;_Salvation_Jane","Echium_vulgare","Echium_vulgare","3"
"Era_1","Era_1","AF093: Expansin and expansin-like","allergen added based on Grass taxonomy","NA","NA","NA","NA","Eragrostis_minor","Eragrostis_minor","1b"
"Era_12","Era_12","AF051: Profilin","allergen added based on Grass taxonomy","NA","NA","NA","NA","Eragrostis_minor","Eragrostis_minor","1b"
"Era_4","Era_4","AF099: Berberine bridge enzyme","allergen added based on Grass taxonomy","NA","NA","NA","NA","Eragrostis_minor","Eragrostis_minor","1b"
"Era_7","Era_7","AF007: EF hand family","allergen added based on Grass taxonomy","NA","NA","NA","NA","Eragrostis_minor","Eragrostis_minor","1b"
"Fes_e_13","Fes_e_13","AF057: Polygalacturonase","AllergomeData","NA","Fes e 13","NA","Avena_secunda;_Bromus_arundinaceus;_Bromus_elatior;_Bucetum_elatius;_Festuca_arundinacea;_Festuca_elatior;_Festuca_fenas;_Festuca_mediterranea;_Festuca_orientalis;_Festuca_phoenix;_Gnomonia_elatior;_Grasses;_Lolium_arundinaceum;_Plants;_Poa_elatior;_Poa_kunthii;_Poa_phoenix;_Poa_uliginosa;_Poaceae;_Reed_Fescue;_Schedonorus_arundinaceus;_Schedonorus_elatior;_Schedonorus_phoenix;_Tragus_elatior","Bromus_hordeaceus;Bromus_inermis;Bromus_sterilis;Bromus_tectorum;Festuca_arundinacea;Festuca_brevipila;Festuca_ovina;Festuca_pratensis;Festuca_rubra_agg.;Lolium_multiflorum;Lolium_perenne;Poa_angustifolia;Poa_annua;Poa_bulbosa;Poa_compressa;Poa_pratensis;Poa_trivialis","Bromus_hordeaceus;Bromus_inermis;Bromus_sterilis;Bromus_tectorum;Festuca_arundinacea;Festuca_brevipila;Festuca_ovina;Festuca_pratensis;Festuca_rubra_agg.;Lolium_multiflorum;Lolium_perenne;Poa_angustifolia;Poa_annua;Poa_bulbosa;Poa_compressa;Poa_pratensis;Poa_trivialis","3;1"
"Fes_p_13","Fes_p_13","AF057: Polygalacturonase","AllergomeData","NA","Fes p 13","NA","Festuca_pratensis;_Grasses;_Meadow_Fescue;_Plants;_Poaceae","Festuca_arundinacea;Festuca_brevipila;Festuca_ovina;Festuca_pratensis;Festuca_rubra_agg.","Festuca_arundinacea;Festuca_brevipila;Festuca_ovina;Festuca_pratensis;Festuca_rubra_agg.","3;1"
"Hol_l_2","Hol_l_2","AF093: Expansin and expansin-like","AllergomeData;SDAPallergen","NA","Hol l 2","NA;grass Poales","Grasses;_Holcus_lanatus;_Plants;_Poaceae;_Velvet_Grass;Holcus_lanatus","Holcus_lanatus;Holcus_mollis","Holcus_lanatus;Holcus_mollis","1;3"
"Lol_m_2","Lol_m_2","AF093: Expansin and expansin-like","AllergomeData","NA","Lol m 2","NA","Grasses;_Italian_Ryegrass;_Lolium_italicum;_Lolium_multiflorum;_Plants;_Poaceae","Lolium_multiflorum;Lolium_perenne","Lolium_multiflorum;Lolium_perenne","1;3"
"Lol_p_10","Lol_p_10","AF006: Cytochrome c","AllergomeData","http://www.meduniwien.ac.at/allfam/details.php?family=AF006#ref69","Lol p 10","NA","Grasses;_Lolium_perenne;_Plants;_Poaceae;_Rye_grass","Lolium_multiflorum;Lolium_perenne","Lolium_multiflorum;Lolium_perenne","3;1"
"Lol_p_11","Lol_p_11","AF087: Ole e 1 family","AllergomeData;IUISallergens;SDAPallergen;AllergenOnline","NA","Lol p 11;Lol p 11.0101","NA;Airway;grass Poales;Aero Plant","Grasses;_Lolium_perenne;_Plants;_Poaceae;_Rye_grass;Lolium_perenne","Lolium_multiflorum;Lolium_perenne","Lolium_multiflorum;Lolium_perenne","3;1"
"Lol_p_13","Lol_p_13","AF057: Polygalacturonase","AllergomeData","NA","Lol p 13","NA","Grasses;_Lolium_perenne;_Plants;_Poaceae;_Rye_grass","Lolium_multiflorum;Lolium_perenne","Lolium_multiflorum;Lolium_perenne","3;1"
"Lol_p_2","Lol_p_2","AF093: Expansin and expansin-like","AllergomeData;AllergenOnline;IUISallergens;SDAPallergen","NA","Lol p 2","NA;Aero Plant;Airway;grass Poales","Grasses;_Lolium_perenne;_Plants;_Poaceae;_Rye_grass;Lolium_perenne","Lolium_multiflorum;Lolium_perenne","Lolium_multiflorum;Lolium_perenne","3;1"
"Lol_p_3","Lol_p_3","AF093: Expansin and expansin-like","AllergomeData;IUISallergens;SDAPallergen;AllergenOnline","NA","Lol p 3;Lol p 3.0101","NA;Airway;grass Poales;Aero Plant","Grasses;_Lolium_perenne;_Plants;_Poaceae;_Rye_grass;Lolium_perenne","Lolium_multiflorum;Lolium_perenne","Lolium_multiflorum;Lolium_perenne","3;1"
"Lol_p_CyP","Lol_p_CyP","AF038: Cyclophilin","AllergomeData","allergome","Lol p CyP","NA","Grasses;_Lolium_perenne;_Plants;_Poaceae;_Rye_grass","Lolium_multiflorum;Lolium_perenne","Lolium_multiflorum;Lolium_perenne","3;1"
"Lol_p_FT","Lol_p_FT","AF052: Glycoside hydrolase family 32","AllergomeData","Allergome; https://www.uniprot.org/uniprot/Q8S3M4","Lol p FT","NA","Grasses;_Lolium_perenne;_Plants;_Poaceae;_Rye_grass","Lolium_multiflorum;Lolium_perenne","Lolium_multiflorum;Lolium_perenne","3;1"
"Lol_p_Legumin","Lol_p_Legumin","AF045: Cupin","AllergomeData","Allergome; AllFam","Lol p Legumin","NA","Grasses;_Lolium_perenne;_Plants;_Poaceae;_Rye_grass","Lolium_multiflorum;Lolium_perenne","Lolium_multiflorum;Lolium_perenne","3;1"
"Pan_1","Pan_1","AF093: Expansin and expansin-like","allergen added based on Grass taxonomy;AllergomeData","NA","NA;Set it 1","NA","NA;Foxtail_Millet;_Grasses;_Plants;_Poaceae;_Setaria_italica","Digitaria_ischaemum;Digitaria_sanguinalis;Setaria_viridis","Digitaria_ischaemum;Digitaria_sanguinalis;Setaria_viridis","1b"
"Pan_12","Pan_12","AF051: Profilin","allergen added based on Grass taxonomy;AllergomeData","NA","NA;Set it 12","NA","NA;Foxtail_Millet;_Grasses;_Plants;_Poaceae;_Setaria_italica","Digitaria_ischaemum;Digitaria_sanguinalis;Setaria_viridis","Digitaria_ischaemum;Digitaria_sanguinalis;Setaria_viridis","1b"
"Pan_4","Pan_4","AF099: Berberine bridge enzyme","allergen added based on Grass taxonomy","NA","NA","NA","NA","Digitaria_ischaemum;Digitaria_sanguinalis;Setaria_viridis","Digitaria_ischaemum;Digitaria_sanguinalis;Setaria_viridis","1b"
"Pan_7","Pan_7","AF007: EF hand family","allergen added based on Grass taxonomy","NA","NA","NA","NA","Digitaria_ischaemum;Digitaria_sanguinalis;Setaria_viridis","Digitaria_ischaemum;Digitaria_sanguinalis;Setaria_viridis","1b"
"Pla_l_1","Pla_l_1","AF087: Ole e 1 family","AllergomeData;AllergenOnline;IUISallergens;SDAPallergen","NA","Pla l 1","NA;Aero Plant;Airway;tree Lamiales Plantaginaceae","English_Plantain;_Plantaginaceae;_Plantago_lanceolata;_Plants;_Ribwort;Plantago_lanceolata","Plantago_arenaria;Plantago_lanceolata;Plantago_major","Plantago_arenaria;Plantago_lanceolata;Plantago_major","3;1"
"Pla_l_2","Pla_l_2","AF051: Profilin","AllergomeData;IUISallergens","NA","Pla l 2","NA;Airway","English_Plantain;_Plantaginaceae;_Plantago_lanceolata;_Plants;_Ribwort;Plantago_lanceolata","Plantago_arenaria;Plantago_lanceolata;Plantago_major","Plantago_arenaria;Plantago_lanceolata;Plantago_major","3;1"
"Pla_l_22","Pla_l_22","AF031: Enolase","AllergomeData","http://www.allergome.org/script/dettaglio.php?id_molecule=11848","Pla l 22","NA","English_Plantain;_Plantaginaceae;_Plantago_lanceolata;_Plants;_Ribwort","Plantago_arenaria;Plantago_lanceolata;Plantago_major","Plantago_arenaria;Plantago_lanceolata;Plantago_major","3;1"
"Pla_l_4","Pla_l_4","AF007: EF hand family","AllergomeData","http://www.allergome.org/script/dettaglio.php?id_molecule=11841","Pla l 4","NA","English_Plantain;_Plantaginaceae;_Plantago_lanceolata;_Plants;_Ribwort","Plantago_arenaria;Plantago_lanceolata;Plantago_major","Plantago_arenaria;Plantago_lanceolata;Plantago_major","3;1"
"Pla_l_AHC","Pla_l_AHC","Adenosylhomocysteinases","AllergomeData","Allergome; Gadermaier 2014","Pla l AHC","NA","English_Plantain;_Plantaginaceae;_Plantago_lanceolata;_Plants;_Ribwort","Plantago_arenaria;Plantago_lanceolata;Plantago_major","Plantago_arenaria;Plantago_lanceolata;Plantago_major","3;1"
"Pla_l_ATPS","Pla_l_ATPS","ATP synthase","AllergomeData","Allergome; Gadermaier 2014","Pla l ATPS","NA","English_Plantain;_Plantaginaceae;_Plantago_lanceolata;_Plants;_Ribwort","Plantago_arenaria;Plantago_lanceolata;Plantago_major","Plantago_arenaria;Plantago_lanceolata;Plantago_major","3;1"
"Pla_l_Cytochrome_C","Pla_l_Cytochrome_C","AF006: Cytochrome c","AllergomeData","http://www.allergome.org/script/dettaglio.php?id_molecule=2438","Pla l Cytochrome C","NA","English_Plantain;_Plantaginaceae;_Plantago_lanceolata;_Plants;_Ribwort","Plantago_arenaria;Plantago_lanceolata;Plantago_major","Plantago_arenaria;Plantago_lanceolata;Plantago_major","3;1"
"Pla_l_FPA","Pla_l_FPA","AF197: Fructose bisphosphate aldolase class I","AllergomeData","http://www.allergome.org/script/dettaglio.php?id_molecule=11844","Pla l FPA","NA","English_Plantain;_Plantaginaceae;_Plantago_lanceolata;_Plants;_Ribwort","Plantago_arenaria;Plantago_lanceolata;Plantago_major","Plantago_arenaria;Plantago_lanceolata;Plantago_major","3;1"
"Pla_l_MDH","Pla_l_MDH","AF014: Lactate/malate dehydrogenase","AllergomeData","http://www.allergome.org/script/dettaglio.php?id_molecule=11843","Pla l MDH","NA","English_Plantain;_Plantaginaceae;_Plantago_lanceolata;_Plants;_Ribwort","Plantago_arenaria;Plantago_lanceolata;Plantago_major","Plantago_arenaria;Plantago_lanceolata;Plantago_major","3;1"
"Pla_l_PGK","Pla_l_PGK","Phosphoglycerate kinase","AllergomeData","http://www.allergome.org/script/dettaglio.php?id_molecule=11845","Pla l PGK","NA","English_Plantain;_Plantaginaceae;_Plantago_lanceolata;_Plants;_Ribwort","Plantago_arenaria;Plantago_lanceolata;Plantago_major","Plantago_arenaria;Plantago_lanceolata;Plantago_major","3;1"
"Pla_l_TPI","Pla_l_TPI","AF032: Triosephosphate isomerase","AllergomeData","http://www.allergome.org/script/dettaglio.php?id_molecule=11842","Pla l TPI","NA","English_Plantain;_Plantaginaceae;_Plantago_lanceolata;_Plants;_Ribwort","Plantago_arenaria;Plantago_lanceolata;Plantago_major","Plantago_arenaria;Plantago_lanceolata;Plantago_major","3;1"
"Pla_ma_2","Pla_ma_2","AF051: Profilin","AllergomeData","NA","Pla ma 2","NA","Broadleaf_Plantain;_Buckhorn_Plantain;_Common_Plantain;_Greater_Plantain;_Plantaginaceae;_Plantago_asiatica;_Plantago_major;_Plants;_Rippleseed_Plantain","Plantago_arenaria;Plantago_lanceolata;Plantago_major","Plantago_arenaria;Plantago_lanceolata;Plantago_major","3;1"
"Poa_p_10","Poa_p_10","AF006: Cytochrome c","AllergomeData","allergome","Poa p 10","NA","Grasses;_June_Grass;_Kentucky_Blue_grass;_Plants;_Poa_pratensis;_Poaceae","Poa_angustifolia;Poa_annua;Poa_bulbosa;Poa_compressa;Poa_pratensis;Poa_trivialis","Poa_angustifolia;Poa_annua;Poa_bulbosa;Poa_compressa;Poa_pratensis;Poa_trivialis","3;1"
"Poa_p_13","Poa_p_13","AF057: Polygalacturonase","AllergomeData","NA","Poa p 13","NA","Grasses;_June_Grass;_Kentucky_Blue_grass;_Plants;_Poa_pratensis;_Poaceae","Poa_angustifolia;Poa_annua;Poa_bulbosa;Poa_compressa;Poa_pratensis;Poa_trivialis","Poa_angustifolia;Poa_annua;Poa_bulbosa;Poa_compressa;Poa_pratensis;Poa_trivialis","3;1"
"Poa_p_2","Poa_p_2","AF093: Expansin and expansin-like","AllergomeData;SDAPallergen","NA","Poa p 2","NA;grass Poales","Grasses;_June_Grass;_Kentucky_Blue_grass;_Plants;_Poa_pratensis;_Poaceae;Poa_pratensis","Poa_angustifolia;Poa_annua;Poa_bulbosa;Poa_compressa;Poa_pratensis;Poa_trivialis","Poa_angustifolia;Poa_annua;Poa_bulbosa;Poa_compressa;Poa_pratensis;Poa_trivialis","3;1"
"Poa_p_9","Poa_p_9","AF093: Expansin and expansin-like","SDAPallergen","SDAP: """"""""Beta-expansin; Old Name: Poa p 5, KBG 31, KBG 41, KBG 60, Poa p IX""""""""; http://fermi.utmb.edu/cgi-bin/SDAP/sdap_02?dB_Type=0&allid=38","Poa p 9","grass Poales","Poa_pratensis","Poa_angustifolia;Poa_annua;Poa_bulbosa;Poa_compressa;Poa_pratensis;Poa_trivialis","Poa_angustifolia;Poa_annua;Poa_bulbosa;Poa_compressa;Poa_pratensis;Poa_trivialis","3;1"
"Poe_1","Poe_1","AF093: Expansin and expansin-like","AllergenOnline;AllergomeData;IUISallergens;SDAPallergen;allergen added based on Grass taxonomy","NA","Agr a 1;Agr g 1;Agr ca 1;Spo in 1;Ant o 1;Arr e 1;NA;Dac g 1;Bra di 1;Bra sy 1;Fes e 1;Fes p 1;Fes r 1;Hol l 1;Lol p 1;Poa p 1","Aero Plant;NA;Airway;grass Poales","Agrostis_alba;Agrostis_alba;_Agrostis_alba_alba;_Agrostis_gigantea;_Agrostis_gigantea_var._dispar;_Agrostis_nigra;_Agrostis_stolonifera_var._major;_Black_Bent;_Grasses;_Plants;_Poaceae;_Redtop;_Water_Bentgrass;Agrostis_capillaris;_Agrostis_tenuis;_Agrostis_vulgaris;_Browntop;_Common_Bent;_Grasses;_Plants;_Poaceae;Agrostis_elongata;_Agrostis_indica;_Agrostis_tenacissima;_Agrostis_tenuissima;_Grasses;_Plants;_Poaceae;_Rattail_Smutgrass;_Smut_Grass;_Sporobolus_angustus;_Sporobolus_berterianus;_Sporobolus_berteroanus;_Sporobolus_elongatus;_Sporobolus_exilis;_Sporobolus_indicus;_Sporobolus_lamarckii;_Vilfa_angusta;_Vilfa_berteroana;_Vilfa_elongata;_Vilfa_exilis;_Vilfa_familiaris;_Vilfa_indica;_Vilfa_rupestris;Anthoxanthum_odoratum;Anthoxanthum_odoratum;_Grasses;_Plants;_Poaceae;_Sweet_Vernal;Arrhenatherum_elatius;_Avena_elatior;_False_Oat-grass;_Grasses;_Plants;_Poaceae;NA;Cocksfoot_Grass;_Dactylis_glomerata;_Grasses;_Orchard_Grass;_Plants;_Poaceae;Dactylis_glomerata;Agropyron_distachyo;_Brachypodium_distachyon;_Brachypodium_distachyum;_Bromus_geniculatus;_Festuca_distachya;_Grasses;_Plants;_Poaceae;_Purple_False_Brome;_Trachynia_distachya;_Zerna_distachya;Agropyron_sylvaticum;_Brachypodium_gracile_f._pubescens;_Brachypodium_miserum;_Brachypodium_pubescens;_Brachypodium_sylvaticum;_Brachypodium_watti;_Brevipodium_sylvaticum;_Bromus_dumosus;_Bromus_sylvaticus;_Festuca_sylvatica;_Grasses;_Plants;_Poaceae;_Slender_False_Brome;_Triticum_sylvaticum;_Wood_False_Brome;Avena_secunda;_Bromus_arundinaceus;_Bromus_elatior;_Bucetum_elatius;_Festuca_arundinacea;_Festuca_elatior;_Festuca_fenas;_Festuca_mediterranea;_Festuca_orientalis;_Festuca_phoenix;_Gnomonia_elatior;_Grasses;_Lolium_arundinaceum;_Plants;_Poa_elatior;_Poa_kunthii;_Poa_phoenix;_Poa_uliginosa;_Poaceae;_Reed_Fescue;_Schedonorus_arundinaceus;_Schedonorus_elatior;_Schedonorus_phoenix;_Tragus_elatior;Festuca_pratensis;_Grasses;_Meadow_Fescue;_Plants;_Poaceae;Festuca_rubra;_Grasses;_Plants;_Poaceae;_Red_Fescue;Grasses;_Holcus_lanatus;_Plants;_Poaceae;_Velvet_Grass;Holcus_lanatus;Grasses;_Lolium_perenne;_Plants;_Poaceae;_Rye_grass;Lolium_perenne;Grasses;_June_Grass;_Kentucky_Blue_grass;_Plants;_Poa_pratensis;_Poaceae;Poa_pratensis","Agrostis_capillaris;Agrostis_gigantea;Agrostis_stolonifera;Anthoxanthum_odoratum;Arrhenatherum_elatius;Calamagrostis_epigejos;Corynephorus_canescens;Dactylis_glomerata;Deschampsia_flexuosa;Festuca_arundinacea;Festuca_brevipila;Festuca_ovina;Festuca_pratensis;Festuca_rubra_agg.;Holcus_lanatus;Holcus_mollis;Koeleria_macrantha;Koeleria_pyramidata;Lolium_multiflorum;Lolium_perenne;Poa_angustifolia;Poa_annua;Poa_bulbosa;Poa_compressa;Poa_pratensis;Poa_trivialis","Agrostis_capillaris;Agrostis_gigantea;Agrostis_stolonifera;Anthoxanthum_odoratum;Arrhenatherum_elatius;Calamagrostis_epigejos;Corynephorus_canescens;Dactylis_glomerata;Deschampsia_flexuosa;Festuca_arundinacea;Festuca_brevipila;Festuca_ovina;Festuca_pratensis;Festuca_rubra_agg.;Holcus_lanatus;Holcus_mollis;Koeleria_macrantha;Koeleria_pyramidata;Lolium_multiflorum;Lolium_perenne;Poa_angustifolia;Poa_annua;Poa_bulbosa;Poa_compressa;Poa_pratensis;Poa_trivialis","1b"
"Poe_12","Poe_12","AF051: Profilin","allergen added based on Grass taxonomy;AllergomeData","NA","NA;Ant o 12;Dac g 12;Bra di 12;Lol p 12;Poa p 12","NA","NA;Anthoxanthum_odoratum;_Grasses;_Plants;_Poaceae;_Sweet_Vernal;Cocksfoot_Grass;_Dactylis_glomerata;_Grasses;_Orchard_Grass;_Plants;_Poaceae;Agropyron_distachyo;_Brachypodium_distachyon;_Brachypodium_distachyum;_Bromus_geniculatus;_Festuca_distachya;_Grasses;_Plants;_Poaceae;_Purple_False_Brome;_Trachynia_distachya;_Zerna_distachya;Grasses;_Lolium_perenne;_Plants;_Poaceae;_Rye_grass;Grasses;_June_Grass;_Kentucky_Blue_grass;_Plants;_Poa_pratensis;_Poaceae","Agrostis_capillaris;Agrostis_gigantea;Agrostis_stolonifera;Anthoxanthum_odoratum;Arrhenatherum_elatius;Calamagrostis_epigejos;Corynephorus_canescens;Dactylis_glomerata;Deschampsia_flexuosa;Festuca_arundinacea;Festuca_brevipila;Festuca_ovina;Festuca_pratensis;Festuca_rubra_agg.;Holcus_lanatus;Holcus_mollis;Koeleria_macrantha;Koeleria_pyramidata;Lolium_multiflorum;Lolium_perenne;Poa_angustifolia;Poa_annua;Poa_bulbosa;Poa_compressa;Poa_pratensis;Poa_trivialis","Agrostis_capillaris;Agrostis_gigantea;Agrostis_stolonifera;Anthoxanthum_odoratum;Arrhenatherum_elatius;Calamagrostis_epigejos;Corynephorus_canescens;Dactylis_glomerata;Deschampsia_flexuosa;Festuca_arundinacea;Festuca_brevipila;Festuca_ovina;Festuca_pratensis;Festuca_rubra_agg.;Holcus_lanatus;Holcus_mollis;Koeleria_macrantha;Koeleria_pyramidata;Lolium_multiflorum;Lolium_perenne;Poa_angustifolia;Poa_annua;Poa_bulbosa;Poa_compressa;Poa_pratensis;Poa_trivialis","1b"
"Poe_4","Poe_4","AF099: Berberine bridge enzyme","AllergomeData;allergen added based on Grass taxonomy;IUISallergens;SDAPallergen;AllergenOnline","NA","Agr g 4;Ant o 4;NA;Dac g 4;Dac g 4.0101;Bra di 4;Fes e 4;Fes p 4;Hol l 4;Lol p 4;Lol p 4.0101;Poa p 4","NA;Airway;grass Poales;Aero Plant","Agrostis_alba;_Agrostis_alba_alba;_Agrostis_gigantea;_Agrostis_gigantea_var._dispar;_Agrostis_nigra;_Agrostis_stolonifera_var._major;_Black_Bent;_Grasses;_Plants;_Poaceae;_Redtop;_Water_Bentgrass;Anthoxanthum_odoratum;_Grasses;_Plants;_Poaceae;_Sweet_Vernal;NA;Cocksfoot_Grass;_Dactylis_glomerata;_Grasses;_Orchard_Grass;_Plants;_Poaceae;Dactylis_glomerata;Agropyron_distachyo;_Brachypodium_distachyon;_Brachypodium_distachyum;_Bromus_geniculatus;_Festuca_distachya;_Grasses;_Plants;_Poaceae;_Purple_False_Brome;_Trachynia_distachya;_Zerna_distachya;Avena_secunda;_Bromus_arundinaceus;_Bromus_elatior;_Bucetum_elatius;_Festuca_arundinacea;_Festuca_elatior;_Festuca_fenas;_Festuca_mediterranea;_Festuca_orientalis;_Festuca_phoenix;_Gnomonia_elatior;_Grasses;_Lolium_arundinaceum;_Plants;_Poa_elatior;_Poa_kunthii;_Poa_phoenix;_Poa_uliginosa;_Poaceae;_Reed_Fescue;_Schedonorus_arundinaceus;_Schedonorus_elatior;_Schedonorus_phoenix;_Tragus_elatior;Festuca_pratensis;Festuca_pratensis;_Grasses;_Meadow_Fescue;_Plants;_Poaceae;Grasses;_Holcus_lanatus;_Plants;_Poaceae;_Velvet_Grass;Grasses;_Lolium_perenne;_Plants;_Poaceae;_Rye_grass;Lolium_perenne;Grasses;_June_Grass;_Kentucky_Blue_grass;_Plants;_Poa_pratensis;_Poaceae","Agrostis_capillaris;Agrostis_gigantea;Agrostis_stolonifera;Anthoxanthum_odoratum;Arrhenatherum_elatius;Calamagrostis_epigejos;Corynephorus_canescens;Dactylis_glomerata;Deschampsia_flexuosa;Festuca_arundinacea;Festuca_brevipila;Festuca_ovina;Festuca_pratensis;Festuca_rubra_agg.;Holcus_lanatus;Holcus_mollis;Koeleria_macrantha;Koeleria_pyramidata;Lolium_multiflorum;Lolium_perenne;Poa_angustifolia;Poa_annua;Poa_bulbosa;Poa_compressa;Poa_pratensis;Poa_trivialis","Agrostis_capillaris;Agrostis_gigantea;Agrostis_stolonifera;Anthoxanthum_odoratum;Arrhenatherum_elatius;Calamagrostis_epigejos;Corynephorus_canescens;Dactylis_glomerata;Deschampsia_flexuosa;Festuca_arundinacea;Festuca_brevipila;Festuca_ovina;Festuca_pratensis;Festuca_rubra_agg.;Holcus_lanatus;Holcus_mollis;Koeleria_macrantha;Koeleria_pyramidata;Lolium_multiflorum;Lolium_perenne;Poa_angustifolia;Poa_annua;Poa_bulbosa;Poa_compressa;Poa_pratensis;Poa_trivialis","1b"
"Poe_5","Poe_5","AF102: Group 5/6 grass pollen allergen","AllergomeData;allergen added based on Grass taxonomy;AllergenOnline;IUISallergens;SDAPallergen","NA","Agr ca 5;Agr s 5;Ant o 5;Arr e 5;NA;Dac g 5;Bra di 5;Fes e 5;Fes p 5;Fes r 5;Hol l 5;Lol m 5;Lol p 5;Poa p 5","NA;Aero Plant;Airway;grass Poales","Agrostis_capillaris;_Agrostis_tenuis;_Agrostis_vulgaris;_Browntop;_Common_Bent;_Grasses;_Plants;_Poaceae;Agrostis_stolonifera;_Creeping_Bent;_Grasses;_Plants;_Poaceae;Anthoxanthum_odoratum;_Grasses;_Plants;_Poaceae;_Sweet_Vernal;Arrhenatherum_elatius;_Avena_elatior;_False_Oat-grass;_Grasses;_Plants;_Poaceae;NA;Cocksfoot_Grass;_Dactylis_glomerata;_Grasses;_Orchard_Grass;_Plants;_Poaceae;Dactylis_glomerata;Agropyron_distachyo;_Brachypodium_distachyon;_Brachypodium_distachyum;_Bromus_geniculatus;_Festuca_distachya;_Grasses;_Plants;_Poaceae;_Purple_False_Brome;_Trachynia_distachya;_Zerna_distachya;Avena_secunda;_Bromus_arundinaceus;_Bromus_elatior;_Bucetum_elatius;_Festuca_arundinacea;_Festuca_elatior;_Festuca_fenas;_Festuca_mediterranea;_Festuca_orientalis;_Festuca_phoenix;_Gnomonia_elatior;_Grasses;_Lolium_arundinaceum;_Plants;_Poa_elatior;_Poa_kunthii;_Poa_phoenix;_Poa_uliginosa;_Poaceae;_Reed_Fescue;_Schedonorus_arundinaceus;_Schedonorus_elatior;_Schedonorus_phoenix;_Tragus_elatior;Festuca_pratensis;_Grasses;_Meadow_Fescue;_Plants;_Poaceae;Festuca_rubra;_Grasses;_Plants;_Poaceae;_Red_Fescue;Grasses;_Holcus_lanatus;_Plants;_Poaceae;_Velvet_Grass;Holcus_lanatus;Grasses;_Italian_Ryegrass;_Lolium_italicum;_Lolium_multiflorum;_Plants;_Poaceae;Grasses;_Lolium_perenne;_Plants;_Poaceae;_Rye_grass;Lolium_perenne;Grasses;_June_Grass;_Kentucky_Blue_grass;_Plants;_Poa_pratensis;_Poaceae;Poa_pratensis","Agrostis_capillaris;Agrostis_gigantea;Agrostis_stolonifera;Anthoxanthum_odoratum;Arrhenatherum_elatius;Calamagrostis_epigejos;Corynephorus_canescens;Dactylis_glomerata;Deschampsia_flexuosa;Festuca_arundinacea;Festuca_brevipila;Festuca_ovina;Festuca_pratensis;Festuca_rubra_agg.;Holcus_lanatus;Holcus_mollis;Koeleria_macrantha;Koeleria_pyramidata;Lolium_multiflorum;Lolium_perenne;Poa_angustifolia;Poa_annua;Poa_bulbosa;Poa_compressa;Poa_pratensis;Poa_trivialis","Agrostis_capillaris;Agrostis_gigantea;Agrostis_stolonifera;Anthoxanthum_odoratum;Arrhenatherum_elatius;Calamagrostis_epigejos;Corynephorus_canescens;Dactylis_glomerata;Deschampsia_flexuosa;Festuca_arundinacea;Festuca_brevipila;Festuca_ovina;Festuca_pratensis;Festuca_rubra_agg.;Holcus_lanatus;Holcus_mollis;Koeleria_macrantha;Koeleria_pyramidata;Lolium_multiflorum;Lolium_perenne;Poa_angustifolia;Poa_annua;Poa_bulbosa;Poa_compressa;Poa_pratensis;Poa_trivialis","1b"
"Poe_6","Poe_6","AF102: Group 5/6 grass pollen allergen","AllergomeData","NA","Poa p 6","NA","Grasses;_June_Grass;_Kentucky_Blue_grass;_Plants;_Poa_pratensis;_Poaceae","Poa_angustifolia;Poa_annua;Poa_bulbosa;Poa_compressa;Poa_pratensis;Poa_trivialis","Poa_angustifolia;Poa_annua;Poa_bulbosa;Poa_compressa;Poa_pratensis;Poa_trivialis","1b"
"Poe_7","Poe_7","AF007: EF hand family","AllergomeData;allergen added based on Grass taxonomy","NA","Spo in 7;Ant o 7;NA;Dac g 7;Bra di 7;Fes e 7;Lol p 7;Poa p 7","NA","Agrostis_elongata;_Agrostis_indica;_Agrostis_tenacissima;_Agrostis_tenuissima;_Grasses;_Plants;_Poaceae;_Rattail_Smutgrass;_Smut_Grass;_Sporobolus_angustus;_Sporobolus_berterianus;_Sporobolus_berteroanus;_Sporobolus_elongatus;_Sporobolus_exilis;_Sporobolus_indicus;_Sporobolus_lamarckii;_Vilfa_angusta;_Vilfa_berteroana;_Vilfa_elongata;_Vilfa_exilis;_Vilfa_familiaris;_Vilfa_indica;_Vilfa_rupestris;Anthoxanthum_odoratum;_Grasses;_Plants;_Poaceae;_Sweet_Vernal;NA;Cocksfoot_Grass;_Dactylis_glomerata;_Grasses;_Orchard_Grass;_Plants;_Poaceae;Agropyron_distachyo;_Brachypodium_distachyon;_Brachypodium_distachyum;_Bromus_geniculatus;_Festuca_distachya;_Grasses;_Plants;_Poaceae;_Purple_False_Brome;_Trachynia_distachya;_Zerna_distachya;Avena_secunda;_Bromus_arundinaceus;_Bromus_elatior;_Bucetum_elatius;_Festuca_arundinacea;_Festuca_elatior;_Festuca_fenas;_Festuca_mediterranea;_Festuca_orientalis;_Festuca_phoenix;_Gnomonia_elatior;_Grasses;_Lolium_arundinaceum;_Plants;_Poa_elatior;_Poa_kunthii;_Poa_phoenix;_Poa_uliginosa;_Poaceae;_Reed_Fescue;_Schedonorus_arundinaceus;_Schedonorus_elatior;_Schedonorus_phoenix;_Tragus_elatior;Grasses;_Lolium_perenne;_Plants;_Poaceae;_Rye_grass;Grasses;_June_Grass;_Kentucky_Blue_grass;_Plants;_Poa_pratensis;_Poaceae","Agrostis_capillaris;Agrostis_gigantea;Agrostis_stolonifera;Anthoxanthum_odoratum;Arrhenatherum_elatius;Calamagrostis_epigejos;Corynephorus_canescens;Dactylis_glomerata;Deschampsia_flexuosa;Festuca_arundinacea;Festuca_brevipila;Festuca_ovina;Festuca_pratensis;Festuca_rubra_agg.;Holcus_lanatus;Holcus_mollis;Koeleria_macrantha;Koeleria_pyramidata;Lolium_multiflorum;Lolium_perenne;Poa_angustifolia;Poa_annua;Poa_bulbosa;Poa_compressa;Poa_pratensis;Poa_trivialis","Agrostis_capillaris;Agrostis_gigantea;Agrostis_stolonifera;Anthoxanthum_odoratum;Arrhenatherum_elatius;Calamagrostis_epigejos;Corynephorus_canescens;Dactylis_glomerata;Deschampsia_flexuosa;Festuca_arundinacea;Festuca_brevipila;Festuca_ovina;Festuca_pratensis;Festuca_rubra_agg.;Holcus_lanatus;Holcus_mollis;Koeleria_macrantha;Koeleria_pyramidata;Lolium_multiflorum;Lolium_perenne;Poa_angustifolia;Poa_annua;Poa_bulbosa;Poa_compressa;Poa_pratensis;Poa_trivialis","1b"
"Rum_expansin","Rum_expansin","AF093: Expansin and expansin-like","Uniprot Q9SWD5","NA","NA","NA","NA","Rumex_acetosella;Rumex_thyrsiflorus","Rumex_acetosella;Rumex_thyrsiflorus","4"
"Sen_j_MDH","Sen_j_MDH","AF014: Lactate/malate dehydrogenase","AllergomeData","http://www.allergome.org/script/dettaglio.php?id_molecule=4060","Sen j MDH","NA","Asteraceae;_Jacobaea_vulgaris;_Mugwort/Ragweed-related_Species;_Plants;_Ragwort;_Senecio_jacobaea;_Stinking_Willie;_Tansy_Ragwort","Senecio_inaequidens;Senecio_jacobaea;Senecio_vernalis","Senecio_inaequidens;Senecio_jacobaea;Senecio_vernalis","3;1"
"Sen_j_PL","Sen_j_PL","AF073: Pectate lyase","AllergomeData","http://www.allergome.org/script/dettaglio.php?id_molecule=4061","Sen j PL","NA","Asteraceae;_Jacobaea_vulgaris;_Mugwort/Ragweed-related_Species;_Plants;_Ragwort;_Senecio_jacobaea;_Stinking_Willie;_Tansy_Ragwort","Senecio_inaequidens;Senecio_jacobaea;Senecio_vernalis","Senecio_inaequidens;Senecio_jacobaea;Senecio_vernalis","3;1"
"Set_it_11","Set_it_11","AF087: Ole e 1 family","AllergomeData","NA","Set it 11","NA","Foxtail_Millet;_Grasses;_Plants;_Poaceae;_Setaria_italica","Setaria_viridis","Setaria_viridis","3"
"Set_it_13","Set_it_13","AF057: Polygalacturonase","AllergomeData","NA","Set it 13","NA","Foxtail_Millet;_Grasses;_Plants;_Poaceae;_Setaria_italica","Setaria_viridis","Setaria_viridis","3"
"Spo_in_13","Spo_in_13","AF057: Polygalacturonase","AllergomeData","NA","Spo in 13","NA","Agrostis_elongata;_Agrostis_indica;_Agrostis_tenacissima;_Agrostis_tenuissima;_Grasses;_Plants;_Poaceae;_Rattail_Smutgrass;_Smut_Grass;_Sporobolus_angustus;_Sporobolus_berterianus;_Sporobolus_berteroanus;_Sporobolus_elongatus;_Sporobolus_exilis;_Sporobolus_indicus;_Sporobolus_lamarckii;_Vilfa_angusta;_Vilfa_berteroana;_Vilfa_elongata;_Vilfa_exilis;_Vilfa_familiaris;_Vilfa_indica;_Vilfa_rupestris","Agrostis_capillaris;Agrostis_gigantea;Agrostis_stolonifera","Agrostis_capillaris;Agrostis_gigantea;Agrostis_stolonifera","3"
"Tri_1","Tri_1","AF093: Expansin and expansin-like","allergen added based on Grass taxonomy","NA","NA","NA","NA","Elymus_repens","Elymus_repens","1b"
"Tri_12","Tri_12","AF051: Profilin","allergen added based on Grass taxonomy","NA","NA","NA","NA","Elymus_repens","Elymus_repens","1b"
"Tri_4","Tri_4","AF099: Berberine bridge enzyme","allergen added based on Grass taxonomy","NA","NA","NA","NA","Elymus_repens","Elymus_repens","1b"
"Tri_5","Tri_5","AF102: Group 5/6 grass pollen allergen","allergen added based on Grass taxonomy","NA","NA","NA","NA","Elymus_repens","Elymus_repens","1b"
"Tri_7","Tri_7","AF007: EF hand family","allergen added based on Grass taxonomy","NA","NA","NA","NA","Elymus_repens","Elymus_repens","1b"
